,Title,Content,Date,Url,Summary
0,Tuyệt vời khi thưởng thức tranh trong không gian ba chiề,"Chia sẻ với Tuổi Trẻ, Đặng Thị Minh Hằng cho biết giá trị trải nghiệm tối ưu nhất của tranh thực tế ảo là khán giả có thể bước vào tranh để chìm đắm trong một không gian mà nét cọ và màu sắc vây lấy mình. Không gian ảo đầy thách thức Đặng Thị Minh Hằng lựa chọn trở thành một nghệ sĩ thực tế ảo, vẽ tranh 3D vì con gái của mình. Bởi khi ấy, cô nhận ra sự xung đột giữa tình yêu dành cho cô bé và tình yêu dành cho công việc cũ nên cô đã cân nhắc lại định hướng của bản thân.  Cùng lúc đó, Minh Hằng cũng thấy được tiềm năng của công việc này trong lĩnh vực nghệ thuật, sáng tạo nên cô đã quyết định theo đuổi. Hiện tại, mô hình triển lãm nghệ thuật immersive (nghệ thuật tiếp cận, tương tác trực tiếp với các tác phẩm nghệ thuật) đã phổ biến ở khá nhiều nước trên thế giới và bắt đầu xuất hiện ở Việt Nam những năm gần đây.  Trước khi kính thực tế ảo trở nên phổ biến hơn thì nghệ sĩ thực tế ảo đã có thể phát hành tranh dưới dạng video, làm phim hoạt hình hoặc sử dụng cho truyền thông, quảng cáo, kể chuyện... Tùy theo mục đích và yêu cầu về độ chi tiết, Minh Hằng thường vẽ tác phẩm trong khoảng từ 2-4 tuần, với một số bức ký họa thì cô có thể hoàn thành dưới một tiếng.  Minh Hằng cho biết để vẽ tranh 3D trong môi trường thực tế ảo, người nghệ sĩ cần phải đeo thiết bị nặng tối thiểu 400 gam và vẽ vào khoảng không, không có bề mặt nào để làm điểm tựa. Điều này đòi hỏi sự luyện tập để tương thích với các thiết bị, đặc biệt là kỷ luật trong khi làm việc với kính và sự rèn luyện thể chất nghiêm túc.  Người nghệ sĩ có thể tự tạo ra rất nhiều studio ảo cho các mục đích khác nhau (vẽ, điêu khắc, thiết kế...). Không gian, chất liệu là vô hạn cho trí tưởng tượng và óc sáng tạo, vượt qua giới hạn của những định luật vật lý thông thường. Với Minh Hằng, khó khăn lớn nhất khi tham gia lĩnh vực này là tiếp cận với kỹ thuật bởi cô không quá nhạy với máy móc, thiết bị và các số liệu, thậm chí cô từng không tự cài Windows cho máy tính được.  Tuy nhiên, cô gái trẻ xác định rằng công việc nào cũng sẽ có những khó khăn riêng nên luôn bình tĩnh xử lý những rắc rối kỹ thuật từng chút một. ""May mắn là tôi nhận được rất nhiều sự hỗ trợ từ cộng đồng cùng chung chí hướng, những người quý mến tác phẩm của mình, người thân, bạn bè và đặc biệt là chồng tôi. Đó cũng là động lực lớn nhất để tôi sáng tạo, vượt qua khó khăn trong suốt quá trình vẽ"" - Minh Hằng bộc bạch. Hạn chế can thiệp vào thế giới tự nhiên Đặng Thị Minh Hằng cũng là người sáng lập dự án Endangered. Đây là dự án ứng dụng nghệ thuật và công nghệ XR bao gồm: công nghệ thực tế ảo, thực tế tăng cường và thực tế hỗn hợp vào việc bảo tồn thiên nhiên và động vật hoang dã.  Minh Hằng bảo: ""Công nghệ XR có thể hỗ trợ nghệ sĩ thực tế ảo trong việc trình diễn và phối hợp với các bộ môn nghệ thuật khác để tạo ra những phần trình diễn nghệ thuật ấn tượng"". Trong triển lãm thuộc dự án do Hằng sáng lập, khán giả có thể gặp gỡ các con vật quý hiếm bằng công nghệ AR và xem bức tranh VR về các con thú trong khu rừng chết.  Họ có thể cùng nhau tô xanh khu rừng ảo, đồng thời cùng với mỗi chiếc lá xanh là những khoản đóng góp cho các hoạt động bảo tồn động vật hoang dã tại Việt Nam. Nguồn cảm hứng vẽ tranh của Minh Hằng là mối quan hệ giữa con người và thế giới tự nhiên. Cô chịu ảnh hưởng nhiều từ các phim hoạt hình châu Á, những tâm hồn có thể nhìn thấy sự khắc nghiệt nhưng vẫn chọn yêu và tái hiện những vẻ đẹp lộng lẫy của thế giới xung quanh mình.  Khi trở thành họa sĩ vẽ tranh 3D, Minh Hằng rất hạnh phúc vì được nói lên tiếng nói của bản thân qua tác phẩm. Ở vai trò là một họa sĩ, với Minh Hằng, việc chọn chất liệu ảo để tạo hình giúp cô hạn chế tối thiểu việc can thiệp vào thế giới tự nhiên và cũng giảm thiểu lượng polymer hay rác thải tạo ra trong quá trình tạo tác.  ""Tôi muốn giữ gìn một thế giới phong phú, đa dạng giống loài hơn bởi đừng chờ cho tất cả những gì chúng ta có thể làm được chỉ là tưởng nhớ"" - Minh Hằng tâm sự. Để thỏa đam mê, Minh Hằng đã xây dựng hẳn một kênh YouTube MinHang's VR Art để ghi lại quá trình mà cô thực hiện các tác phẩm tranh 3D từ lúc bắt đầu cho đến khi ra được thành phẩm.  ""Từ khi xây dựng kênh, tôi kết nối được với rất nhiều người cùng quan tâm và có mong muốn thử sức với nghệ thuật thực tế ảo. Mặc dù cộng đồng còn nhỏ bé nhưng tôi tin rằng sẽ mở rộng hơn trong tương lai, bởi Việt Nam chúng ta đang dần có thứ hạng trên bản đồ xuất khẩu kinh tế sáng tạo của thế giới"" - Minh Hằng chia sẻ. ",15/04/2024 12:01 GMT+7,https://tuoitre.vn/tuyet-voi-khi-thuong-thuc-tranh-trong-khong-gian-ba-chieu-20240415085546562.htm,"Thay vì sử dụng bút màu và giấy vẽ để sáng tác, thì chỉ với một chiếc kính thực tế ảo và tay cầm điều khiển, Đặng Thị Minh Hằng đã có thể vẽ ra nhiều tác phẩm tranh trong không gian ba chiều."
1,"Sau HIFF, TP.HCM cần cơ chế thật thoáng để điện ảnh cất cán","GS.TS Trình Quang Phú, viện trưởng Viện Nghiên cứu và phát triển Phương Đông, chia sẻ quan điểm của ông nhân tọa đàm này tại HIFF. Chúng ta đang sống trong thời kỳ hội nhập toàn cầu, mở cửa, hội nhập quốc tế, đoàn kết và hữu nghị là nguyên tắc sống còn để tạo nên những điều kiện tiên quyết của mỗi quốc gia trong thế kỷ 21. Bởi vì, có hội nhập là có thị trường, có hội nhập là có phát triển. Hội nhập là yếu tố sống còn để phát triển không chỉ kinh tế mà cả của văn hóa. Tuy nhiên, bất cập của hội nhập là sự biến tiết nền văn hóa. Do vậy, hội nhập nhưng không hòa tan là thuộc tính của quốc gia độc lập. Từ HIFF, điện ảnh TP.HCM cần cơ chế để cất cánh TP.HCM là đô thị lớn nhất Việt Nam và nằm trong tốp những đô thị lớn của thế giới, có vai trò đầu tàu cho cả nước. Cư dân TP.HCM là quy tụ cả nước và Việt kiều trên khắp thế giới có gần đủ 54 dân tộc anh em. Vì vậy, nền văn hóa thành phố là phong phú, đa dạng, hội tụ đủ các yếu tố của cả nước. Thành phố đang trong thời kỳ phát triển của cơ chế thí điểm, tôi tin rằng thành phố sẽ có định hướng và lộ trình tối ưu cho việc hội nhập quốc tế để phát triển nền văn hóa nói chung, văn học và điện ảnh nói riêng. Nền văn hóa và nền điện ảnh thành phố sẽ hội nhập nhanh và phát triển ngang tầm thời đại khi có cơ chế để cất cánh. Các nhà nghiên cứu quản lý điện ảnh đã đánh giá vị trí, vai trò to lớn của điện ảnh. Là một người làm công tác khoa học, là một nhà văn, tôi nghĩ hiểu như thế này: Điện ảnh là môn nghệ thuật cao cấp, mang tính tổng hòa của văn, của thơ, của nhạc, của họa, của kịch… nó được đưa đến công chúng bởi các nhà biên kịch, đạo diễn và diễn viên tài năng. Vì vậy, nếu nói văn hóa là hồn cốt của dân tộc, thì điện ảnh là hồn cốt của hồn cốt. Khi điện ảnh cất cánh và trở thành ngành công nghiệp văn hóa mũi nhọn sẽ là động lực đưa tâm thức con người lên, đưa kinh tế phát triển, đặc biệt là kinh tế du lịch. Điện ảnh chính là nhịp cầu để kết nối con người đến với nhau. Nói cách khác, điện ảnh là đại sứ của nhân loại, đại sứ không có biên giới. Điện ảnh có sứ mệnh tiên phong, có sứ mệnh quảng bá đất nước. Chúng ta nhớ phim Đông Dương đã giúp thế giới biết vẻ đẹp kiều diễm của Hạ Long. Phim Người Mỹ thầm lặng đã một phần nhắc đến vẻ đẹp xưa của Sài Gòn. Phim Tôi thấy hoa vàng trên cỏ xanh đã giúp Phú Yên đón nhiều khách du lịch. Và bộ phim King Kong đảo đầu lâu đã làm thế giới rung động về những vùng hang động, phong cảnh sông núi hữu tình ở Ninh Bình, Quảng Bình. Phim Chuyện của Pao đã làm người xem thích thú bởi phong cảnh thơ mộng hùng vĩ của vùng núi rừng Hà Giang. Đặc biệt mới đây, phim A Tourist's Guide to Love (Tình yêu qua cuộc hành trình của một du khách) giới thiệu cảnh đẹp và những nét văn hóa đậm bản sắc Việt Nam thông qua cuộc hành trình du lịch từ TP.HCM đến Hà Nội, Hà Giang của một du khách là cô gái nước ngoài. Bộ phim làm nức lòng người xem, lọt vào top 10 phim nói tiếng Anh ăn khách nhất toàn cầu trong tuần lễ đầu công chiếu. Sau đó, nhiều du khách đến Việt Nam cho biết họ thích đến Việt Nam từ sự hấp dẫn của bộ phim. Nói như vậy để thấy vai trò đại sứ, vai trò quảng bá đất nước, kích cầu du lịch của điện ảnh. Hợp tác quốc tế thật thoáng cho điện ảnh TP.HCM là một kho đề tài to lớn và phong phú cho điện ảnh và văn học nghệ thuật. 300 năm hình thành và phát triển của TP.HCM biết bao điển tích, sự kiện. Sài Gòn 100 năm trước là nơi Bác Hồ có mối tình đầu sâu sắc, nhưng Người phải hy sinh để ra đi tìm đường cứu nước. Sài Gòn là nơi đã diễn ra ngày toàn thắng, kết thúc cuộc chiến tranh dài nhất thế giới. Chúng ta có Củ Chi trong kháng chiến chỉ cách trung tâm đầu não của cuộc chiến tranh xâm lược có 30 cây số, là căn cứ vững chắc của cách mạng với 250 cây số địa đạo. Ở đó, có biết bao câu chuyện về những mối tình đẹp của các đôi nam nữ chiến sĩ cách mạng, có biết bao câu chuyện lâm ly về sự hy sinh tinh thần, vật chất và thân xác. Sự hy sinh anh dũng và lẫm liệt ấy ngàn năm sau vẫn là ngọn lửa sáng, nồng ấm. Một Cần Giờ, dưới tán rừng đước sinh quyển, cửa ngõ ra biển của thành phố, ẩn giấu biết bao câu chuyện mà mỗi lần nhắc đến, mỗi trái tim đều rung cảm. Một Sài Gòn, từ cơ chế bao cấp đã thoát thân đã xé rào đổi mới để trở thành TP.HCM đầu tàu của cả nước. Và đang ngoan cường đổi mới bằng cơ chế thí điểm, để luôn là đầu tàu mạnh của đoàn tàu Việt Nam. Đây chính là đề tài cho những câu chuyện dài nhiều tập rất sâu sắc và hấp dẫn cho điện ảnh, cho văn học nghệ thuật. Tôi hy vọng TP.HCM sẽ đưa điện ảnh, văn hóa ngang với kinh tế và có đầu tư đúng mức, đặc biệt có cơ chế phù hợp để phát triển điện ảnh. Trong cơ chế, tôi nghĩ bắt buộc phải có cơ chế về vốn, cơ chế để có kịch bản hay, có đủ điều kiện để xây dựng những bộ phim có tầm cỡ. Thành phố cũng cần có cơ chế hợp tác quốc tế thật thoáng cho điện ảnh, để không chỉ chúng ta làm phim mà thế giới đến Việt Nam làm phim, và cùng chúng ta làm phim về thành phố, về Việt Nam. Có cơ chế thích hợp, các nhà văn, các biên kịch, đạo diễn, các diễn viên điện ảnh sẽ dành tâm huyết để làm nên những tác phẩm ngang tầm thời đại. Từ liên hoan phim quốc tế này, tôi nghĩ sẽ mở ra cho thành phố những bước đi mới huy hoàng bằng điện ảnh và cho điện ảnh.",15/04/2024 10:42 GMT+7,https://tuoitre.vn/sau-hiff-tp-hcm-can-co-che-that-thoang-de-dien-anh-cat-canh-20240415100648411.htm,"Từ ngày 6 đến 13-4, Liên hoan phim quốc tế TP.HCM (HIFF) lần đầu tiên diễn ra. Tọa đàm quốc tế về phát triển điện ảnh tại TP.HCM với sự tham dự của đại sứ Mỹ, tổng lãnh sự Pháp, các nhà điện ảnh quốc tế và trong nước... rất được chú ý."
2,Con cháu kể chuyện Cha ông tôi là chiến sĩ Điện Biê,"Trong chương trình này, sự kiện ""chấn động địa cầu"" năm 1954 được kể qua lăng kính của thế hệ con cháu của họ. Đó có thể là những nhân vật nổi tiếng và có cả những câu chuyện lần đầu được công bố. Có cả những chia sẻ của các nhà nghiên cứu quân sự, những người lính ở bên kia chiến tuyến. Cha ông tôi là chiến sĩ Điện Biên mở đầu với chuyện trung tướng Phạm Hồng Sơn - người sáng tạo chiến thuật vây lấn tấn diệt nổi tiếng. Khi quân địch bị bắt, họ hỏi ông Sơn ""ông học ở đâu mà đánh giỏi thế"". Ông trả lời: ""Tôi chỉ là sinh viên Trường luật Đông Dương được tôi luyện qua chiến tranh"" và ""trường học lớn nhất của chúng tôi là trường học yêu nước"". Trong chương trình, con trai của ông cũng kể lại lời nhắn nhủ của bố ông dành cho thế hệ sau. Ở số mới nhất ngày 13-4, chương trình gặp con cháu chiến sĩ công binh Lưu Viết Thoảng - người chỉ huy đào đường hầm để vận chuyển 960kg bộc phá trên đồi A1. Các con, cháu, chắt của ông lên Điện Biên thăm chiến trường năm xưa của ông, cha mình và thấy ""quá sức tưởng tượng"" như thế nào. Chuỗi phóng sự do VTV thực hiện, nhân dịp kỷ niệm 70 năm chiến thắng Điện Biên Phủ. Tới nay, chương trình đã đi được bốn số.",15/04/2024 09:21 GMT+7,https://tuoitre.vn/con-chau-ke-chuyen-cha-ong-toi-la-chien-si-dien-bien-20240415090134333.htm,"Thứ ba và thứ bảy hằng tuần trong chương trình Cà phê sáng trên VTV3, con cháu của những chiến sĩ Điện Biên năm xưa cùng ngồi lại kể chuyện Cha ông tôi là chiến sĩ Điện Biên."
3,"Jung Il Woo ơi, lần sau nhớ thử muôn vị nhân gian từ cá cơm Việt Na","Trước khi diễn viên Jung Il Woo sang đây và ""đại náo"" mạng xã hội những ngày qua, tự bản thân các món đến từ loại cá ""nhỏ mà có võ"" đã được lòng nhiều con dân xứ Việt, trong đó có cá cơm rim mà nghệ sĩ này mê. Có hai loại: khô cá cơm và cá cơm một nắng. Để ngon, cả hai đều được bỏ hết ruột cá sau đó rửa thật sạch bằng nước muối rồi mang đi phơi, sau đó tùy sở thích và chế biến ra các món từ cá cơm trên đời. Cá cơm rim mà Jung Il Woo mê Đây là món nhiều người khi đi xa thì nhớ hoài. Nhất là khi trời mưa lâm râm hoặc lạnh lạnh, ngồi bên mâm cơm có món cá cơm rim thì ""hao cơm thủng nồi mất thôi"". Tùy từng gu mà có người thích bỏ vừng trắng, lạc (đậu phộng) hoặc lá chanh nhưng nhìn chung cách nấu về cơ bản giống nhau. Sau khi dầu sôi thì bỏ cá cơm vào đảo giòn. Kế tới chắt dầu ra, rồi cho ít mắm muối, đường, ớt, hành tỏi, gừng băm nhuyễn vào rim trên lửa nhỏ và đảo đều tay để gia vị được ngấm đều. Sau cùng, vắt chanh vào và đảo, rồi rắc vừng/lạc/lá chanh tùy từng người. Dẻo thơm xôi cá cơm Gần giống với cách chế biến cá cơm rim ở trên, xôi cá cơm làm giàu hơn các món xôi ở Việt Nam. Món này kết hợp cùng xôi dẻo (xôi trắng hoặc xôi đỗ xanh...) hấp cùng lá dứa, một ít muối xóc đều trong gạo nếp hông cho đậm đà. Khi ăn, có một số người thích cho thêm trứng cút, hành phi vàng hoặc hành lá chần qua trong dầu nóng... Quê em gốc mắm Trước khi cá cơm được biến tấu thành món ăn ""muôn vị nhân gian"" thì trước hết, nó là nguyên liệu chính làm nước mắm. Nơi góc bếp từ Nam chí Bắc, thường có một chai nước mắm cá cơm nguyên chất để nấu, để chấm… để ăn cho thỏa nỗi niềm. Ngoài nước mắm, một số vùng còn làm thêm mắm cá cơm - một loại nước chấm đặc biệt để ăn cùng thịt heo. Cách làm khá giống các loại mắm cáy (Hải Dương, Thái Bình), mắm ruốc, mắm tôm, mắm rươi, mắm thái miền Tây… Gỏi cá cơm chào hè Các bà nội trợ mách nhau, gỏi cá cơm cũng đưa cơm lắm nhé. Mùa hè nóng nực, đây là món chống ngán hiệu quả. Đảo cá cơm khô với dầu ăn, rim nhỏ nhỏ lửa rồi cho hành, tỏi và ớt dập nhỏ đảo đều cho ngấm tới khi cá vàng rộm thì nhắc xuống. Kết hợp cùng xoài xanh bào sợi rồi vắt bớt nước trước đó, sau đó thêm tỏi, ớt, mắm muối, rau thơm… trộn đều bày ra đĩa là xong. Ai thích thì cho thêm hành phi, lạc rang giã càng ngon. Muôn hình vạn trạng cá cơm kho Riêng cá cơm kho thì đủ món trên đời. Có rất nhiều biến thể để các bà các mẹ trổ tài, từ cá cơm kho keo, cá cơm kho tiêu, cá cơm kho nghệ,… Và ai ơi, cá cơm kho... thì đừng quên cháo trắng! Đừng quên canh chua cũng ""số dách"" Trong gia tài canh chua xứ Việt, đừng quên canh chua được nấu từ cá cơm, cà chua, khế chua hoặc lá me cùng rau thơm, rau răm kèm ớt xắt cũng ngon ""số dách"". Món này hợp nhất ăn những ngày hè nóng bức. Bao nhiêu người chết mê chết mệt rồi? Ngoài canh chua, cá cơm nấu canh rau ngót, rau tập tàng… cũng không phải vừa. Cá cơm chiên già trẻ đều khoái Bố mẹ nào không muốn con trẻ sa ngã vào các loại bim bim không tốt cho sức khỏe thì có thể thử ngay cá cơm tẩm bột chiên giòn và ăn như một dạng snack. Không chỉ trẻ nhỏ mà nhiều người lớn cũng mê món này. Ăn cơm cũng ngon hết sẩy. Viết đến đây, chợt bối rối. Chỉ cá cơm thôi mà điểm danh một lượt vẫn chưa hết. Xứ này đúng muôn vị nhân gian. Mời bạn kể tiếp món cá cơm của riêng mình cho ""đồng bào"" mê ăn mê chơi được biết.",15/04/2024 07:56 GMT+7,https://tuoitre.vn/jung-il-woo-oi-lan-sau-nho-thu-muon-vi-nhan-gian-tu-ca-com-viet-nam-20240414170207422.htm,"Sau 10 ngày ngao du Việt Nam, diễn viên Jung Il Woo cũng về nước và không quên mang theo hộp cá cơm rim - đặc sản của Cù Lao Chàm - làm quà cho người thân."
4,Liên hoan nghệ thuật quần chúng khu vực TP.HCM: Biểu diễn bằng cả trái ti,"Tối 14-4, Tổng cục Chính trị Quân đội Nhân dân Việt Nam tổ chức bế mạc Liên hoan nghệ thuật quần chúng lực lượng vũ trang và thanh niên, sinh viên lần thứ 10 năm 2024 khu vực 1 - TP.HCM, tại Nhà hát Quân đội khu vực phía Nam. Tham gia liên hoan nghệ thuật quần chúng lần này có 24 đoàn nghệ thuật quần chúng, mang đến 151 tiết mục (mỗi đoàn nghệ thuật quần chúng đều có đủ các loại hình ca múa nhạc, sân khấu) bám sát chủ đề ""80 năm vang mãi bản hùng ca"". Ca sĩ Tạ Minh Tâm - nguyên phó giám đốc Nhạc viện TP.HCM, thành viên ban giám khảo - nhận xét liên hoan thể hiện tính chuyên nghiệp rất cao, các chương trình dự thi được dàn dựng công phu, cuốn hút người xem.  Các đoàn nghệ thuật quần chúng biểu diễn bằng cả trái tim. Ban tổ chức trao cờ thưởng của Tổng cục Chính trị cho 16 chương trình xuất sắc, bằng khen của chủ nhiệm Tổng cục Chính trị tặng 7 chương trình chất lượng tốt. Ngoài ra, ban tổ chức còn trao bằng khen của chủ nhiệm Tổng cục Chính trị tặng 64 tiết mục đoạt giải A; 70 tiết mục đoạt giải B. Tặng giấy khen của chủ nhiệm Tổng cục Chính trị cho 25 giải chuyên đề gồm: 17 giải diễn viên xuất sắc; 1 giải dàn nhạc xuất sắc; 4 tác phẩm xuất sắc về chủ đề học tập và làm theo tư tưởng, đạo đức, phong cách Hồ Chí Minh; 2 tác phẩm xuất sắc về chủ đề biển đảo; 1 tác phẩm xuất sắc về tình đoàn kết quốc tế. Ông Trịnh Văn Quyết - phó chủ nhiệm Tổng cục Chính trị, trưởng ban chỉ đạo Liên hoan nghệ thuật quần chúng lực lượng vũ trang và thanh niên, sinh viên lần thứ 10 năm 2024 - cho biết liên hoan là một sự kiện văn hóa nghệ thuật đặc sắc, có ý nghĩa chính trị, hội tụ và phát huy bản sắc văn hóa dân tộc, truyền thống văn hóa nghệ thuật cách mạng Việt Nam trong giai đoạn mới. Sự đổi mới sáng tạo, đột phá về phong cách, phương pháp dàn dựng, biểu diễn, thông qua những hình tượng nghệ thuật và thông điệp được chắt lọc từ thực tiễn cuộc sống sinh động của cán bộ, chiến sĩ, thanh niên, sinh viên đã tạo nên sức sống mạnh mẽ, cảm xúc sâu sắc, được khán giả nồng nhiệt đón nhận, yêu mến.",15/04/2024 07:26 GMT+7,https://tuoitre.vn/lien-hoan-nghe-thuat-quan-chung-khu-vuc-tp-hcm-bieu-dien-bang-ca-trai-tim-20240415065933116.htm,"Sau một tuần tranh tài sôi nổi, Liên hoan nghệ thuật quần chúng lực lượng vũ trang và thanh niên, sinh viên lần thứ 10 năm 2024 khu vực 1 - TP.HCM khép lại."
5,Vĩnh biệt nhà báo Thái Duy của Khoán chui và tác giả Trần Đình Vân của Sống như an,"Ông Trần Hoài Nam - con trai nhà báo Thái Duy - cho Tuổi Trẻ biết bố ông ra đi nhẹ nhàng bên con cháu. Ông mất vì tuổi cao, gần đại thọ 100 tuổi. Nhà báo Thái Duy - Sống như ông! Nhà báo Thái Duy (tên thật là Trần Duy Tấn, còn có bút danh khác là Trần Đình Vân) sinh năm 1926 tại Bắc Giang. Ông tham gia cách mạng, làm báo Cứu Quốc từ năm 1949, là một trong số ít nhà báo tham gia chiến dịch Điện Biên Phủ. Năm 1964, ông vào Nam, cùng hai đồng nghiệp thành lập báo Giải Phóng thuộc Mặt trận Dân tộc giải phóng miền Nam. Năm 1977, ba tổ chức mặt trận được thống nhất thành Mặt trận Tổ quốc Việt Nam, báo Cứu Quốc và báo Giải Phóng được sáp nhập thành báo Đại Đoàn Kết.  Nhà báo Thái Duy tiếp tục làm phóng viên báo Đại Đoàn Kết đến năm 1995 thì nghỉ hưu. Như vậy cả cuộc đời làm báo của ông chỉ làm duy nhất cho một cơ quan báo chí và chỉ làm phóng viên, dù ông là tên tuổi lớn trong làng báo, được nhiều thế hệ các nhà báo nể trọng. Ông không chỉ đóng góp lớn cho sự nghiệp bảo vệ Tổ quốc, thống nhất đất nước, mà tiếp tục là một trong những cây bút đi đầu đấu tranh cho cái mới, cho tiến bộ xã hội, lên tiếng cho nông dân để thúc đẩy cho sự ra đời của khoán 10 trong nông nghiệp, xóa bỏ hình thức khoán việc làm suy sụp nền kinh tế, nông dân đói nghèo những năm 1970 - 1980. Ông đã xuất bản nhiều đầu sách như Sống như anh, Người tử tù khám lớn, Hải Phòng anh dũng… Trong đó cuốn Sống như anh viết về anh hùng Nguyễn Văn Trỗi đã xuất bản được hàng triệu bản ở nhiều nước trên thế giới. Năm 2023, nhà báo Thái Duy nhận huy hiệu 75 năm tuổi Đảng. Bản lĩnh Thái Duy trong bài phỏng vấn cuối cùng với Tuổi Trẻ Không chỉ nổi tiếng với cuốn Sống như anh (bút danh Trần Đình Vân) viết về Nguyễn Văn Trỗi, Thái Duy còn được ghi công là nhà báo đã bền bỉ, mạnh mẽ viết về ""khoán chui"" trong hàng chục năm để ""phong trào"" này của hàng triệu nông dân cuối cùng cũng đi đến thắng lợi vào năm 1988. Trong lần trả lời phỏng vấn cuối cùng dành cho Tuổi Trẻ gần một năm trước (tháng 8-2023), ông tỏ ra rất khiêm cung và tự tại, tự nhận mình bình thường như những người khác và rất hạn chế nói về mình bởi ""không thấy có gì để kể"". Ông cũng từ chối trả lời nhiều câu hỏi vì ""không nên nói nhiều là một đức tính tốt, nói nhiều về mình càng không nên"". Nhưng ông lại một mực ca ngợi nông dân, nhân dân. Ông cho nhân dân mới vĩ đại, nhân dân làm ra tất cả. Trước thông tin được truyền tai nhiều rằng hồi ấy vì ông mải mê về với nông dân để viết về ""khoán chui"" nên cuộc sống của gia đình ông cũng vất vả, khó khăn, thậm chí lắm lúc ảnh hưởng tới cả chuyện ""sinh mệnh chính trị"" của ông nữa, ông từ tốn nhận mình cũng không khó khăn nhiều. Ông hết sức khiêm hạ nhận rằng việc ông về với nông dân, viết tâm tư của nông dân giữa lúc họ chưa được tin, chưa được lắng nghe ""cũng không phải là việc hy sinh ghê gớm gì như người ta ngợi khen"". Khi được hỏi rằng người ta đánh giá ông là một nhà báo đã có đóng góp lớn bảo vệ ""khoán chui"" của nông dân để tới ngày phong trào đi tới thắng lợi, ông lập tức phủ nhận.  Ông bảo: ""Tôi nhờ nông dân chứ không phải công đó là của tôi. Nông dân mới thông minh. Mỗi người phải chịu khó mà nhìn ra cái thông minh của nông dân, của nhân dân"".",14/04/2024 22:51 GMT+7,https://tuoitre.vn/vinh-biet-nha-bao-thai-duy-cua-khoan-chui-va-tac-gia-tran-dinh-van-cua-song-nhu-anh-20240414224455341.htm,"Tin từ gia đình cho biết nhà báo Thái Duy - tác giả truyện ký 'Sống như anh' với bút danh Trần Đình Vân, nhà báo bền bỉ cùng nông dân bảo vệ 'khoán chui' - vừa qua đời vào 20h56 ngày 14-4 tại nhà riêng ở Hà Nội, hưởng thọ 98 tuổi."
6,Đàm Vĩnh Hưng xây nhà tình thương cho cha một nữ phạm nhâ,"Đàm Vĩnh Hưng nói chi phí để xây dựng căn nhà tình thương này khoảng 300 đến 400 triệu đồng, do anh bỏ tiền túi thực hiện, không kêu gọi sự đóng góp của cộng đồng. Tuy nhiên, biết anh có việc làm ý nghĩa, một số người bạn thân thiết muốn đồng hành. Anh cho biết thêm chi phí này có thể mua sắm các vật dụng cần thiết trong nhà và nếu còn dư sẽ gửi tiết kiệm. Đàm Vĩnh Hưng lấy tiền đi hát xây nhà Thời gian này, dù bận rộn chuẩn bị cho live show Ngày em thắp sao trời sẽ diễn ra vào tháng 5-2024 nhưng Đàm Vĩnh Hưng vẫn dành thời gian đến huyện Tân Hưng, tỉnh Long An để khảo sát xây nhà tình thương. Đây là lời hứa của Đàm Vĩnh Hưng muốn thực hiện ước mơ sửa lại nhà cho ông Ngô Minh Quang và bé Tin (là cha ruột và con trai của phạm nhân Ngô Thị Cẩm Vân). ""Ban đầu, Hưng định sửa lại nhà nhưng sau khi đi khảo sát thực tế mọi thứ tệ hơn sự tưởng tượng của Hưng.  Nhà bị hư hết gần như toàn bộ, còn lại khu vực nhỏ ở phía trước để ngủ và sinh hoạt, xót vô cùng"" - Đàm Vĩnh Hưng chia sẻ. Ông Ngô Minh Quang cho biết căn nhà này được cất cách đây mấy chục năm, giờ mái nhà xuống cấp, mưa dột và ngập dưới sàn. Ông chỉ che mái tôn tạm bợ để tránh mưa nắng. Mỗi khi mùa mưa đến thì cuộc sống gặp nhiều khó khăn. Đàm Vĩnh Hưng dự tính chi phí để xây căn nhà tình thương này khoảng 300 đến 400 triệu đồng. Anh dùng tiền đi hát và trích doanh thu bán vé live show để xây nhà và không kêu gọi. Chi phí cao vì ngôi nhà ông Quang đang nằm ở khu vực thấp cần nhiều chi phí để nâng nền và cải tạo con đường vào nhà. ""Hưng hứa sẽ cố gắng xây căn nhà bằng hết khả năng, để mang đến mái ấm thật sự, giúp cho giấc ngủ của chú Quang thêm ngon khi về già"" - Đàm Vĩnh Hưng bộc bạch. Lễ khởi công căn nhà diễn ra ngày 12-4, giấc mơ đẹp của phạm nhân Ngô Thị Cẩm Vân và ông Ngô Minh Quang sắp thành hiện thực. Hoàn thành tâm nguyện thay phạm nhân Trước đó, trong một lần đi hát phục vụ phạm nhân nhân dịp Tết ở trại giam Long Hòa, huyện Bến Lức, Long An, Đàm Vĩnh Hưng gặp gỡ phạm nhân Ngô Thị Cẩm Vân. Nhân dịp Tết Giáp Thìn 2024, Đàm Vĩnh Hưng trở lại trại giam Long Hòa, tìm gặp Ngô Thị Cẩm Vân. Anh bất ngờ trước sự thay đổi tích cực của cô sau 4 năm. Biết được căn nhà của ba Cẩm Vân xập xệ, Đàm Vĩnh Hưng hứa sửa chữa lại căn nhà cho cô. Như vậy, ngôi nhà mơ ước của phạm nhân Ngô Thị Cẩm Vân đang dần thành hình, hy vọng sẽ hoàn thành trước mùa mưa năm nay. Độc giả bình luận trên Facebook trước việc làm của Đàm Vĩnh Hưng: ""Cảm ơn thật nhiều trái tim và tấm lòng ấm áp của ca sĩ Đàm Vĩnh Hưng""; ""Việc làm ý nghĩa, chúc Đàm Vĩnh Hưng luôn khỏe mạnh, bình an và luôn thành công rực rỡ trong mỗi show diễn""; ""Xây bây giờ là kịp trước mùa mưa luôn""…",14/04/2024 17:33 GMT+7,https://tuoitre.vn/dam-vinh-hung-xay-nha-tinh-thuong-cho-cha-mot-nu-pham-nhan-20240414102428569.htm,Ca sĩ Đàm Vĩnh Hưng cho biết anh dùng tiền đi hát và trích từ doanh thu bán vé live show 'Ngày em thắp sao trời' để xây nhà tình thương cho cha của phạm nhân Ngô Thị Cẩm Vân.
7,Kim Tiểu Long làm nhiều tiền mà không thấy ăn xài gì hế,"Đến chúc mừng đàn em Kim Tiểu Long giới thiệu MV, phim ca nhạc mang tên Ly hôn, nghệ sĩ Linh Tâm đã tiết lộ vui rằng Kim Tiểu Long làm nhiều tiền mà không thấy ăn xài gì hết. Ngoài Linh Tâm, còn có các nghệ sĩ Dương Ngọc Thái, Hà Trí Quang, Nhật Tinh Anh, Tú Sương, Gia Bảo… đến chúc mừng Kim Tiểu Long. Linh Tâm nhột ngang khi nghe tên Ly hôn Sở dĩ Linh Tâm nói vậy vì anh cũng đã từng ly hôn. Trước đây, anh và nghệ sĩ Cẩm Thu có một mái ấm, họ có hai người con, trong đó Linh Tý hiện đang theo nghiệp diễn của ba mẹ. Tuy nhiên, họ ly hôn đã lâu. Cả hai nghệ sĩ đều yên ấm bên gia đình mới và họ định cư tại Mỹ. Linh Tâm hài hước nói: ""Bữa nay coi xong rồi anh mới thấy không phải em nói xấu anh"". Và anh cũng tiết lộ là Kim Tiểu Long làm rất nhiều tiền mà không thấy ăn xài gì hết. ""Người ta làm ra tiền thì phải ăn. Còn Kim Tiểu Long thì ăn chay nên ăn rất ít. Thường nghệ sĩ có tiền hay có thú vui đổi xe, sắm sửa này nọ. Kim Tiểu Long làm bao nhiêu tiền cứ có cảm giác là em đổ hết làm MV, phim ca nhạc hay dự án cải lương. Làm cái này chắc lời lắm hả em? (cười). Nói vui vậy thôi chứ anh rất quý trọng em về sự đam mê, luôn muốn có sản phẩm phục vụ khán giả, dâng lên tổ nghiệp. Chỉ có điều lần sau làm nữa, có vai nho nhỏ nhớ kêu anh phụ em nghen"" - Linh Tâm khiến mọi người trong khán phòng bật cười vì cách nói chuyện tưng tửng của anh. Kim Tiểu Long mong cha mẹ đừng làm tổn thương con cái Kim Tiểu Long tiết lộ ca khúc Ly hôn không phải anh đặt hàng mà do nhạc sĩ trẻ Danh Zoram viết và gởi trực tiếp cho Kim Tiểu Long vì nghĩ bài hát hợp với anh. Kim Tiểu Long nghe xong rất thích và quyết định đầu tư làm như một câu chuyện không dừng ở việc thể hiện ca khúc như thông thường. Ly hôn nói về đôi vợ chồng trẻ ở miền Tây, vì suốt ngày hục hặc nhau nên họ quyết định ly hôn. Con trai của họ là bé Long gởi lại cho bà ngoại nuôi và trong quá trình lớn lên cháu có rất nhiều nỗi niềm. Ngoài việc thể hiện ca khúc, Kim Tiểu Long còn đóng vai cậu bé Long lúc lớn. Anh tâm sự cuộc đời, chuyện tình cảm của anh cũng có những lúc gập ghềnh, không hạnh phúc. Vì vậy, khi hát anh cũng có cảm xúc cá nhân của mình trong đó. Với sản phẩm này, Kim Tiểu Long không dừng lại ở câu chuyện ly hôn. Cái mà anh muốn nhấn mạnh là những đứa trẻ. Anh nói: ""Khi ba mẹ ly hôn, người tội nhất cuối cùng vẫn là những đứa con. Vì vậy, tôi mong rằng các cặp vợ chồng khi gặp trục trặc đừng để cái tôi lấn át. Làm gì cũng nghĩ đến con trước tiên. Đừng nóng vội mà hãy suy nghĩ cho thật chín chắn"". Và anh cũng cho rằng ly hôn hiện nay khá phổ biến, nếu đến bước đường cùng phải chọn ly hôn thì nên tìm cách nào đó, với tình thương của đấng sinh thành để cho con mình giảm tổn thương ở mức thấp nhất. Ly hôn sẽ phát trên kênh YouTube NSƯT Kim Tiểu Long lúc 19h ngày 14-4.",14/04/2024 17:59 GMT+7,https://tuoitre.vn/kim-tieu-long-lam-nhieu-tien-ma-khong-thay-an-xai-gi-het-20240414174102029.htm,Linh Tâm cho biết anh tới sự kiện này trước là chúc mừng sản phẩm mới của người em thân thiết. Sau là anh cảm thấy… nhột ngang khi nghe cái tên Ly hôn. Và anh quyết đến xem thử coi Kim Tiểu Long có nói xấu mình không.
8,Châu Kiệt mê Kim Tử Long nên lấy nghệ danh cải lương là Kim Tiểu Lon,"Kim Tiểu Long đã chia sẻ về ""định mệnh"" giống tên với đàn anh Kim Tử Long. Kim Tiểu Long thần tượng Kim Tử Long Kim Tiểu Long tên thật là Trương Hoàng Kép, sinh năm 1974 tại Vĩnh Long. Lớn lên trong một gia đình nông dân khó khăn nhưng cha Kim Tiểu Long mê đờn hát nên anh cũng ảnh hưởng theo. Kim Tiểu Long có người anh theo đoàn hát, từ đó anh cũng bị ánh đèn sân khấu mê hoặc và từ từ theo nghiệp cầm ca. Lúc đó, Trương Hoàng Kép lấy nghệ danh Châu Kiệt, gần giống nghệ danh của anh mình là Châu Tuấn. Anh tâm sự cái tên Châu Kiệt ở dưới tỉnh bị trùng với khá nhiều diễn viên. Và hát hoài mà tên Châu Kiệt vẫn không nổi. Cuối cùng anh quyết định đổi tên thành Tiểu Long. Thời đó nghệ sĩ Kim Tử Long nổi đình nổi đám. Tiểu Long xem Kim Tử Long như thần tượng và anh thêm chữ Kim vào, dừng lại ở nghệ danh Kim Tiểu Long. Kim Tiểu Long vui vẻ nói với Tuổi Trẻ Online: ""Khi lấy nghệ danh Kim Tiểu Long, nghiệp hát ở tỉnh của tôi thuận lợi lắm. Sau này, rời đoàn tỉnh về thành phố, tôi đã đến gặp anh Kim Tử Long bày tỏ rằng vì thần tượng anh nên tôi đã lấy nghệ danh gần gần giống anh. Tôi xin phép anh cho tôi lấy nghệ danh này"". Với sự chân thành của đàn em, Kim Tử Long đồng ý ngay. Không những thế, theo Kim Tiểu Long kể lại thì đàn anh còn tạo điều kiện cho anh rất nhiều. Giới thiệu sô diễn cho anh, chỉ bảo những bài học nghề nghiệp quý giá, còn tặng đồ diễn cho anh. Mong diễn trọn vở để tiếp tục học hỏi Kim Tiểu Long hiện đang định cư tại Mỹ. Khi còn ở Việt Nam anh là chàng kép có vóc dáng sáng đẹp, giọng ca khỏe và thường xuyên được giao vai chính. Anh đã từng tham gia các vở Rồng phượng, Cơn hồng thủy, Bên cầu dệt lụa… Anh đóng cặp với nhiều cô đào như Ngọc Huyền, Thanh Ngân, Quế Trân… Kim Tiểu Long đã đoạt được huy chương vàng giải Trần Hữu Trang, huy chương vàng Liên hoan cải lương toàn quốc, giải Mai vàng… Mới đây, anh tham gia vở Vương quyền của đạo diễn Lê Nguyên Đạt đoạt huy chương vàng vở diễn cuộc thi Liên hoan sân khấu thủ đô năm 2022. Kim Tiểu Long chia sẻ khi về nước anh thường xuyên đi xem các vở diễn cải lương. Anh rất thích các vở như Chuyện tình Khau Vai, Đêm trước ngày hoàng đạo, các chương trình của Đoàn tuồng cổ Huỳnh Long… Với Kim Tiểu Long, được đóng trọn vở tuồng là hạnh phúc vì nghệ sĩ được trăn trở, khóc cười với một nhân vật được xây dựng đầy đủ cảm xúc. Bởi thế, anh nói rất khoái đi thi. Vì đi thi vừa xem đồng nghiệp học hỏi, vừa được sống lại cảm giác tập tuồng, trao đổi nghề nghiệp với đạo diễn, bạn diễn. ""Cái nghề này học hoài không bao giờ là đủ. Mỗi khi tập vở mới là cơ hội học hỏi mới. Bây giờ có điều kiện tôi vẫn muốn thi thố, không có thì hỗ trợ đồng nghiệp cũng được. Sàn diễn cải lương khó khăn, vở diễn ít nên cơ hội cho nghệ sĩ cũng không nhiều. Cũng có thể tôi sẽ đầu tư một vở để cùng bạn bè tham gia hội diễn cải lương năm nay"" - Kim Tiểu Long chia sẻ.",14/04/2024 21:34 GMT+7,https://tuoitre.vn/chau-kiet-me-kim-tu-long-nen-lay-nghe-danh-cai-luong-la-kim-tieu-long-20240414201531378.htm,"Hai nghệ sĩ Kim Tử Long và Kim Tiểu Long đều là anh kép có vị trí trong làng cải lương thành phố. Tuy nhiên khi đọc tên hai nghệ sĩ, khán giả thường dễ nhầm lẫn vì nghệ danh gần gần giống nhau."
9,Tranh cãi quanh thông tin từ triển lãm Sự hình thành chữ quốc ngữ tại Bình Địn,"Chiều 14-4, nhà nghiên cứu Nguyễn Thanh Quang (TP Quy Nhơn, tỉnh Bình Định) cho biết triển lãm Sự hình thành chữ quốc ngữ tại Bình Định tổ chức ở Trung tâm Lưu trữ lịch sử tỉnh Bình Định có một số thông tin không đúng về vai trò của Bình Định trong sự phôi thai hình thành chữ quốc ngữ. Triển lãm sự hình thành chữ quốc ngữ có thông tin sai lệch? Ông Quang nói: ""Pa nô giới thiệu triển lãm Sự hình thành chữ quốc ngữ ghi thông tin sai nghiêm trọng khi nói Bình Định là một trong những nơi phôi thai, khởi nguyên sáng tạo ra chữ quốc ngữ. Thông tin này đã đánh mất vai trò của Bình Định trong việc ra đời của chữ quốc ngữ"". Theo nhà nghiên cứu này, Bình Định là địa phương duy nhất có đủ cơ sở khoa học xác nhận là nơi phôi thai chữ quốc ngữ sớm nhất vào những năm 1618 - 1622 chứ không phải là ""một trong những nơi phôi thai, khởi nguyên sáng tạo ra chữ quốc ngữ"". Ông Quang chứng minh, tại hội thảo khoa học Bình Định với chữ quốc ngữ tổ chức ở TP Quy Nhơn (tháng 1-2016), GS Phan Huy Lê đã tổng kết:  “Chữ quốc ngữ là một dòng sông được tạo bởi nhiều con suối. Ba trung tâm đã góp phần vào quá trình này là Nước Mặn (Bình Định - PV), Hội An, Dinh Chiêm.  Có thể coi đó là ba dòng suối đầu tiên tạo nên dòng sông chữ quốc ngữ.  Nếu xem xét sâu hơn về những chứng cứ văn bản có chữ quốc ngữ thì trong ba trung tâm đó, trung tâm Nước Mặn có phần sớm hơn”. Cuối năm 2021, tỉnh Quảng Nam tổ chức hội thảo khoa học Quảng Nam - 550 năm hình thành và phát triển (1471 - 2021) tại TP Tam Kỳ. Với sự tham gia của gần 100 nhà khoa học trong cả nước, hội thảo không có tham luận nào viết rằng chữ quốc ngữ ở Thanh Chiêm - Quảng Nam. Tham luận duy nhất của hội thảo bàn về chữ quốc ngữ là Nước Mặn - nơi phôi thai chữ quốc ngữ của hai tác giả Nguyễn Thanh Quang - Lm. Gioan Võ Đình Đệ. Đây là 1 trong 7 tham luận được ban tổ chức mời báo cáo trực tiếp tại hội thảo. Ngoài ra, cũng theo ông Quang, tài liệu Manuductio ad Linguam Tunckinensem (Nhập môn tiếng Đàng Ngoài) mà triển lãm trưng dẫn, ghi của tác giả Pina là sai. ""Pina chết năm 1625 tại Hội An trước khi Công giáo mở đạo ở Đàng Ngoài (1627). Hơn thế nữa, Pina chưa hề đặt chân ra đến Đàng Ngoài, cho nên rất khó nói Pina là người viết Nhập môn tiếng Đàng Ngoài"", ông Quang chia sẻ. Ông Quang nói với tinh thần cầu thị, ông ""xin mạo muội trao đổi"" và mong Trung tâm Lưu trữ lịch sử tỉnh Bình Định rà soát chỉnh sửa kịp thời, giúp người xem hiểu đủ, hiểu đúng về vai trò của Bình Định với chữ quốc ngữ. ""Chúng tôi không sai!"" Thông tin từ Trung tâm Lưu trữ lịch sử tỉnh Bình Định - cho biết qua các cuộc hội thảo và đặc biệt là hội thảo về chữ quốc ngữ năm 2016 tại Bình Định, GS Phan Huy Lê đã kết luận Bình Định là một trong những nơi phôi thai thôi chứ không phải là nơi duy nhất phôi thai ra chữ quốc ngữ.  Trong những nơi này, Bình Định có thể có phần sớm hơn, nhưng vẫn là một trong những nơi thôi. Đến nay chưa có một kết luận nào chính thức xác định Bình Định là nơi duy nhất phôi thai ra chữ quốc ngữ. ""Trước khi cung cấp thông tin tại triển lãm cho bạn đọc và cho báo chí, chúng tôi cũng đã cân nhắc cẩn thận và dựa vào kết luận cụ thể của GS Phan Huy Lê chứ không tùy tiện thông tin như vậy. Chúng tôi không sai"", đại diện Trung tâm Lưu trữ lịch sử Bình Định nói. Còn về việc tài liệu Manuductio ad Linguam Tunckinensem (Nhập môn tiếng Đàng Ngoài) mà triển lãm trưng dẫn, ghi của tác giả Pina, đại diện Trung tâm cho hay đây là sai sót của đơn vị. Ông này nói: ""Do trong quá trình chuẩn bị, sàng lọc tư liệu, các anh em có đọc một bài viết liên quan đến tài liệu trên có chú thích là của Pina nên mới in ra vậy. Chúng tôi đã sửa chữa lỗi sai và in ấn lại pa nô"". ",14/04/2024 17:37 GMT+7,https://tuoitre.vn/tranh-cai-quanh-thong-tin-tu-trien-lam-su-hinh-thanh-chu-quoc-ngu-tai-binh-dinh-20240413182120826.htm,"Triển lãm 'Sự hình thành chữ quốc ngữ tại Bình Định' đang có những ý kiến trái chiều. Có nhà nghiên cứu nói rằng một số thông tin từ triển lãm sai, chưa chính xác. Đại diện ban tổ chức triển lãm nói họ không sai."
10,"Dân miền Tây mần bánh quê ăn khi rảnh việc, nay thì kiêu hãnh bánh dân gia","Từ tháng 3-2022, phiên chợ quê Tân Thuận Đông, TP Cao Lãnh, tỉnh Đồng Tháp chiều thứ bảy hằng tuần đã thu hút trên 140.000 du khách tham quan, thưởng thức các loại bánh quê, những món ăn thức uống đậm chất Nam Bộ. Bánh dân gian ở chợ quê Thực khách tìm về tham quan chợ quê Tân Thuận Đông ở điểm cuối hành trình của tour du lịch trong ngày từ các tỉnh lân cận về Đồng Tháp. Trong buổi sáng khách đi làng nghề, làng hoa, khu di tích..., buổi chiều khách chọn chợ quê, hòa vào không khí làng quê mát mẻ, trong lành giữa sông Tiền và không khỏi choáng ngợp với trùng điệp bánh hết loại này đến loại khác đủ các màu sắc được các chị, các cô kỳ công chế biến. Du khách rất khó cầm lòng trước sự mời gọi của những thức quà quê hấp dẫn. Khi bước chân qua khỏi cổng chợ thì một không gian làng quê xưa hiện ra trước mắt với những rặng tre trúc lao xao, một bên tỏa bóng xuống dòng sông, một bên rợp mát con đường. Những gian hàng làm bằng tre, mái lá bày bán nối tiếp các món bánh với đa dạng chủng loại và màu sắc. Hiện nay, ngoài phiên chợ quê Tân Thuận Đông vào chiều thứ bảy hằng tuần còn có chợ quê Gò Tháp (huyện Tháp Mười), chợ quê Long Thuận (huyện Hồng Ngự) là điểm đến thú vị cho các tín đồ yêu thích những món bánh dân dã mà đậm đà hương vị quê hương... Từ chuyện dưới mỗi nếp nhà, mẹ và bà khi rảnh rỗi việc đồng áng thì xay bột gạo, nạo dừa làm bánh cho con cháu ăn. Mần bánh nhiều quá dư ăn lại đem ra chợ bán, đổi lại món khác. Đến nay các loại bánh dần phổ biến, được nhiều người ưa chuộng, bán bánh trở thành một nghề có thu nhập tốt. Không có công thức chung nào cho các loại bánh quê chỉ với hai nguyên liệu chính từ bột, đường và nguyên liệu phụ gồm dừa, đậu phộng, mè, chuối, đậu xanh... mà chế biến ra hàng chục, hàng trăm loại bánh kể hoài không hết. Bánh quê còn có tên gọi chung rất kiêu hãnh là bánh dân gian, trong đó có các loại bánh làm từ bột gạo như: bánh bò, bánh chuối, bánh bèo, bánh lọt, bánh khọt, bánh da lợn, bánh cam, bánh còng... giá cả rất rẻ. 5.000 đồng/phần nhỏ đủ cho trẻ con ăn no căng bụng, 10.000 đồng hộp lớn đủ các loại bánh để thực khách ăn vào có cảm giác khang khác một chút xíu về độ mềm, dai, dẻo, xốp. Không chỉ có ở phiên chợ quê, khi về miền Tây du khách có thể tìm mua dễ dàng ở bất cứ chợ nào từ chợ quê lóc cóc vài sạp ven đường cho đến các khu chợ bề thế như chợ Châu Đốc, Long Xuyên, Tân Châu (tỉnh An Giang), chợ Cao Lãnh, Sa Đéc, Hồng Ngự (Đồng Tháp).",14/04/2024 16:52 GMT+7,https://tuoitre.vn/dan-mien-tay-man-banh-que-an-khi-ranh-viec-nay-thi-kieu-hanh-banh-dan-gian-20240413212500233.htm,"Theo thời gian bánh quê len lỏi ra các chợ làm thức quà sáng tiện lợi cho nhiều người, một món ăn tinh thần đậm đà hương vị quê hương."
11,Tháng 4 được mùa các vở kịch và cải lương lịch s,"Đó là vở kịch Đức thượng công Tả quân Lê Văn Duyệt - Người mang 9 án tử của Idecaf, vở Khúc tráng ca thành Gia Định của Nhà hát cải lương Trần Hữu Trang và vở cải lương Người ven đô của sân khấu Đại Việt. Tư nhân làm kịch lịch sử Khúc tráng ca thành Gia Định (đạo diễn Hoa Hạ) của đơn vị nhà nước nhưng hai vở còn lại do đơn vị xã hội hóa đầu tư. Đây là tín hiệu vui, bởi lâu nay không ít người vẫn quan niệm những đề tài chính trị, lịch sử, cách mạng chỉ có đoàn công lập kham.  Đề tài lịch sử đầu tư tốn kém, lại kén khán giả nên ít tư nhân dám rớ. Vậy mà khi Đức thượng công Tả quân Lê Văn Duyệt - Người mang 9 án tử (đạo diễn: Hoàng Duẩn) ra mắt tối 10-4 tại Nhà hát Thanh Niên đã tạo được tiếng vang. Vé cho hai suất diễn tháng 4 là ngày 21 và 28 đã hết sạch. Nhà hát cấp tốc lên lịch tiếp hai suất diễn vào tháng 6.  Vở Người ven đô (đạo diễn Hoa Hạ) tới 27-4 mới ra mắt tại Nhà hát cải lương Trần Hữu Trang nhưng hiện vé đã bán được 2/3 rạp. Vở hứa hẹn sẽ có thêm suất diễn bởi khán giả ruột của Đại Việt vẫn yêu cầu. Biết ghi ơn tiền nhân Khúc tráng ca thành Gia Định tôn vinh ông Võ Duy Ninh, người được vua Tự Đức cử làm hộ đốc thành Gia Định, sau đó là tổng đốc Định - Biên, cai quản Gia Định và Biên Hòa trong những ngày đầu Pháp nổ súng tấn công Gia Định. Vì quân dân ta sức yếu so với giặc nên không giữ được thành, ông Võ Duy Ninh đã đau đớn tuẫn tiết truyền lại hào khí cho thế hệ sau đứng lên bảo vệ mảnh đất Sài Gòn - Gia Định. Đức thượng công Tả quân Lê Văn Duyệt - Người mang 9 án tử xoáy mạnh vào vụ Tả quân Lê Văn Duyệt xử chém Quốc trượng Huỳnh Công Lý, cha vợ vua Minh Mạng. Vở khắc họa con người cương trực, không khoan nhượng cái xấu, luôn yêu thương, che chở cho dân của Đức thượng công Tả quân Lê Văn Duyệt. Còn Người ven đô làm sống lại những tháng năm hào hùng mà người dân 18 thôn vườn trầu kiên trung, gan dạ che chở cho cách mạng để mong ngày đất nước hòa bình. Khúc tráng ca thành Gia Định được Sở Văn hóa và Thể thao TP.HCM, Nhà hát Trần Hữu Trang khuyến khích, chăm chút để tác giả trẻ Phạm Văn Đằng tìm hiểu tài liệu và mất đến gần ba năm hoàn thành kịch bản. Vở về Đức ông Lê Văn Duyệt được Idecaf đầu tư gần 500 triệu đồng.  Còn Người ven đô vốn là kịch bản cách mạng quá nổi tiếng, dựng lại, soạn giả Hoàng Song Việt mời toàn người giỏi như đạo diễn Hoa Hạ, nghệ sĩ Lê Tứ, Phượng Loan, Võ Minh Lâm, Hoa Phượng, Minh Trường, Bảo Trí... với mong muốn sẽ có vở cách mạng hay, khiến khán giả xúc động và tri ân những người đã ngã xuống cho mảnh đất chúng ta đang sống hôm nay nở hoa. Đại diện Idecaf thì cho rằng kịch lịch sử trước nay luôn gặp nhiều khó khăn về kịch bản, cũng khó thu hồi vốn.  Nhưng lần này, khi vở về Đức ông Lê Văn Duyệt tạo được hiệu ứng, được nhiều người góp sức ủng hộ, nhà hát sẽ làm tiếp những vở sử như Nữ đại đế Động Đình, Trần Thủ Độ... để thêm nhiều vở sử hay phục vụ học đường cho các em thêm yêu sử Việt, yêu Tổ quốc. ",14/04/2024 14:41 GMT+7,https://tuoitre.vn/thang-4-duoc-mua-cac-vo-kich-va-cai-luong-lich-su-20240414090852658.htm,"Không hẹn mà gặp, TP.HCM có đến ba vở kịch, cải lương đáng xem trong tháng 4 này."
12,Chiếc bát vỡ và bài học đặc biệt mà tướng Hoàng Đan dạy co,"Đó là câu chuyện mà ông Hoàng Nam Tiến - con trai út của thiếu tướng Hoàng Đan và đại biểu Quốc hội Nguyễn Thị An Vinh - kể trong buổi ra mắt cuốn sách Thư cho em chiều 13-4 tại Hà Nội. Buổi ra mắt sách đặc biệt thu hút đông người tham dự, đặc biệt là người trẻ. Chuyện chiếc bát vỡ cũng được ông Tiến kể trong cuốn Thư cho em - cuốn sách ông Tiến viết về mối tình của ba mẹ mình qua hơn 400 lá thư ông bà đã gửi cho nhau suốt mấy chục năm vợ chồng xa cách vì chiến tranh mà gia đình còn giữ được. Tướng Hoàng Đan - người chồng, người cha khác biệt Ông Hoàng Nam Tiến kể năm 1972, ông mới lên ba. Trong bữa cơm gia đình trước khi ba đi chiến dịch, bé Tiến (tên ở nhà thường gọi là Hải) đánh rơi chiếc bát sứ Hải Dương được coi là quý thời chiến tranh, bao cấp vô cùng gian khổ ấy. Cậu bé ba tuổi vô cùng hoảng hốt, sắp khóc. Thấy vậy, ""ba Đan"" cầm chiếc bát sứ của mình lên rồi thả rơi xuống đất. Chiếc bát vỡ tan. Sau tiếng bát vỡ là tiếng cười giòn tan của cả hai cha con. Không dừng lại ở đó, ông Hoàng Đan vào chạn lấy thêm bốn chiếc bát sứ Hải Dương nữa, thả rơi từng cái để đổi lấy tiếng cười khanh khách của con thơ. Đây là điều vô cùng khác biệt ở ba, để lại cho ông Tiến một bài học giáo dục con cái rất lớn. Với các con, tướng Hoàng Đan dạy dỗ cẩn trọng, rèn luyện nghiêm khắc, nhưng vô cùng dịu dàng, thương yêu. Ông Tiến kể mỗi mùa hè ông lại được ba đưa lên doanh trại quân đội của ba để sống cùng các chú bộ đội.  Cho nên ông Tiến 10-11 tuổi đã biết bắn nhiều loại súng, biết lái xe năm 12 tuổi, biết sơ cứu người bệnh, người bị thương… Không những bản thân rất ấm áp, tình cảm với các con, tướng Hoàng Đan còn nhẹ nhàng chỉ dẫn cho người vợ chịu nhiều vất vả nên có phần khắt khe của mình biết quan tâm, trìu mến với các con hơn. Ông Tiến kể mẹ ông trưởng thành trong một môi trường cực kỳ khó khăn (gia đình sa cơ nên bà phải đi ở khi mới lên 8 tuổi), nên bà rất khắt khe với con cái và với chính mình. Cho nên anh chị của ông Tiến lớn lên trong giáo dục khắt khe của mẹ. Thấy vậy, ""ba Đan"" đã viết thư cho vợ, hỏi vợ có quan tâm đến các con, có trìu mến với các con không. Đó là năm 1962, khi ông Hoàng Đan đang đi học ở Liên Xô. Trong một lá thư gửi vợ, ông kể cho vợ nghe câu chuyện trong nghiên cứu tâm lý học tại Mỹ năm 1958 mà ông đã đọc được. Một con khỉ con vừa mất mẹ được đưa vào một căn phòng, trong đó người ta để một con khỉ làm bằng bông, và một con khỉ bằng gỗ. Kết quả, con khỉ con chỉ ôm con khỉ làm bằng bông, chứ không ôm con khỉ làm bằng gỗ. Câu chuyện cho thấy con khỉ cũng muốn cái gì đó ấm áp, mềm mại. Con người tất nhiên càng như vậy. Kể từ lá thư ấy, mẹ ông Tiến thay đổi nhiều trong giáo dục các con. Khi có thai ông Tiến thì mẹ ông đã bắt đầu biết xoa bụng để nói chuyện với con.  Khi ông Tiến ra đời thì mẹ ông thường xuyên xoa lưng, bóp chân, đọc Kiều cho con trai út nghe, cho tới tận những ngày cuối đời của bà. Vị tướng yêu quân và lời quát nạt: ""Các anh đánh thế này thì mẹ Việt Nam đẻ không kịp"" Yêu thương vợ con bằng một tình yêu trìu mến và lớn lao, tướng Hoàng Đan cũng yêu lính của mình bằng một tình yêu như vậy, như một người anh, người cha. Mặt trận Vị Xuyên trong chiến tranh biên giới vô cùng ác liệt, nhất là năm 1984. Bộ đội ta hy sinh nhiều quá, khiến vị tướng già dày dặn kinh nghiệm trận mạc vô cùng đau xót. Ông đã giận dữ quát lên với các chỉ huy ở đây: ""Các anh đánh thế này thì mẹ Việt Nam đẻ không kịp"". Ông Tiến kể bao năm chiến trận, ba ông luôn tâm niệm với một người chỉ huy, ngoài chiến thắng thì phải luôn ghi nhớ mỗi một người lính ngã xuống là một người con, người cha, người anh... trong một gia đình. Một người lính ngã xuống với một trận đánh là tổn thất nhỏ, nhưng với mỗi gia đình đó là mất mát không gì bù đắp được. Cho nên, khi ông Tiến lên Vị Xuyên còn được những người lính kể chuyện ba ông năm xưa khi chỉ huy ở đây, bị đau chân mà vẫn chống gậy mây đi vào hang cách địch chỉ vài trăm mét để động viên bộ đội. Khi ông đã là thiếu tướng vẫn kê những thùng đạn để ngồi cùng lính rất đơn sơ, thân tình.",13/04/2024 20:15 GMT+7,https://tuoitre.vn/chiec-bat-vo-va-bai-hoc-dac-biet-ma-tuong-hoang-dan-day-con-20240413191926402.htm,"Khi đứa con ba tuổi hoảng sợ sắp khóc vì làm rơi vỡ chiếc bát sứ Hải Dương quý, vị tướng chuẩn bị ra mặt trận - Hoàng Đan - bất ngờ thả rơi vỡ tan chiếc bát của mình, khiến con thơ đang sắp khóc lại bật cười giòn tan."
13,Ăn thịt động vật hoang dã: Nghiệp quả ở đâu,"Đúng rằng đây là câu chuyện khoa học. Đầu tiên là liên quan vấn đề môi trường và sức khỏe. Bạn bè tôi ở Úc bảo rằng hồi này họ ít ăn thịt bò, mà chủ yếu ăn thịt kangaroo! Thế Úc có nuôi kangaroo thịt à? Không, kangaroo hoang dã, chẳng qua nó phát triển dữ quá nên phải bắn bớt để ăn thịt. Chưa kể, dùng thịt kangaroo thay thịt bò cũng là một cách góp phần bảo vệ môi trường, khi nền công nghiệp nuôi bò phát thải khí CO2 quá nhiều. Thế nhưng tôi nhớ trước đây Úc từng cảnh báo người dân phải hết sức cẩn thận khi ăn thịt kangaroo khi săn bắn được, vì có người đã nhiễm vi rút lạ cực kỳ nguy hiểm? Bạn tôi bảo đúng vậy, nhưng thịt kangaroo bán trong siêu thị đều được kiểm tra nghiêm ngặt rồi. Nói chuyện ở Úc để quay lại Việt Nam ta Từ chim cho đến thú rừng hoang dã khi bị bẫy được đều đi thẳng lên bàn ăn, chứ làm gì có chuyện kiểm nghiệm. Bởi nó là chuyện vi phạm pháp luật, đố ai dám đem con chim sâm cầm, con nai, chồn… săn bắt được đến cơ quan y tế, thú y nhờ kiểm tra xem nó có an toàn không để tui xơi!? Mà các loại vi khuẩn, vi rút trong chim, thú hoang dã thì không ai biết được nó có những gì. Ngay đại dịch COVID 19, nhớ lại thì nguồn cơn thì nghi can số một là từ một nơi chuyên bán động vật hoang dã ở Vũ Hán, Trung Quốc (được xem là từ dơi). Tóm lại, chỉ có kẻ thiểu năng trí tuệ mới khơi khơi đi ăn chim thú hoang dã khi mà nó không hề qua một khâu kiểm soát nào. Và câu chuyện ăn chim thú hoang dã cũng là một vấn đề thuộc về văn hóa. Hồi còn nhỏ, rơi vào những năm tháng đất nước thiếu ăn trầm trọng của thời bao cấp, cũng như bao người khác, tôi cũng đi bẫy chim, bắt thú, đốn cây rừng làm củi. Ngày ấy, đi tàu lửa ban đêm mới thấy các dãy núi ở miền Trung lúc nào cũng đỏ rực lửa đốt rừng. Ngày ấy bắt được con chim, con mển là mừng hết lớn và nghĩ ngay đến… một bữa ngon. Năm 1979 vào TP.HCM, tôi còn nhớ chợ thú rừng ở đường Phạm Viết Chánh (quận 1) đầy nhóc các loại. Con tê tê cuộn tròn như trái banh để đầy trong các cái lồng sắt, y như người ta bán banh ở khu dụng cụ thể thao trên đường Huyền Trân Công Chúa bây giờ! Nhưng hiện nay thì có nằm mơ cũng không còn thấy cảnh đó. Thứ nhất là luật pháp đã nghiêm khắc hơn. Thứ hai, kinh tế khá giả hơn. Ăn động vật hoang dã có phải vì nghèo? Tuy nhiên, vài năm trước tôi vẫn tin rằng kinh tế khá hơn thì sẽ chấm dứt nạn săn bắt, ăn thịt chim thú hoang dã. Bởi, tôi đã gặp những người rất nghèo đi săn bắt, với họ bẫy được con bìm bịp là có 1 triệu đồng; bắt được con hổ mang cũng thế. Khi không còn người nghèo thì chả còn ai săn bắt nữa. Nhưng không, quan điểm đó sụp đổ khi tôi qua tỉnh Kampot, Campuchia để chụp ảnh sếu đầu đỏ. Dân bên ấy nghèo lắm, nhưng không hề có chuyện săn bắt chim thú hoang dã. Sau đó, các chuyên gia về chim hoang dã như GS Trần Triết, Nguyễn Hoài Bảo… nói với tôi rằng chuyện này nó nghiêng về văn hóa nhiều hơn. Chúng ta xui vì trong lịch sử bị ảnh hưởng bởi Trung Quốc và Pháp nhiều quá. Dân Trung Quốc có cái văn hóa là sính ăn đồ độc lạ, còn mấy ông Tây quý tộc thì ưa thích săn bắn. Những quốc gia nào ảnh hưởng bởi văn hóa Anh, Ấn Độ thì không có thứ văn hóa xấu xí này. Nếu thật sự muốn loại bỏ thứ văn hóa xấu xí này, chỉ có một biện pháp hữu hiệu nhất là sự trừng phạt nghiêm khắc của luật pháp. Tôi không thể hình dung nổi những ông chủ nhà hàng hồn nhiên lên mạng khoe bàn tiệc gồm tiết canh chim, sâm cầm hấp… mà lại chẳng bị gì? Hay đầy rẫy những tài khoản trên mạng xã hội rao bán chim hoang dã cũng chưa hề có ai bị triệu hồi lên phạt 7,5 triệu!? Còn chuyện ""nghiệp quả"", tôi nghĩ rằng nó không phải tâm linh. Chúng ta tàn phá thiên nhiên quá thì giờ bị ""nghiệp quật""! Những hạn mặn, triều cường ngày càng nặng… đều là kết quả của chuyện tàn phá thiên nhiên, săn bắt vô tội vạ dẫn đến việc mất cân bằng sinh thái. Thế thôi!",13/04/2024 16:16 GMT+7,https://tuoitre.vn/an-thit-dong-vat-hoang-da-nghiep-qua-o-dau-20240413144911921.htm,"Nhiều người nhắn tin cho người viết bài này băn khoăn về hai chữ 'nghiệp quả'. Họ cho rằng đây là câu chuyện khoa học, văn hóa, chứ không phải chuyện tâm linh nên không có 'nghiệp quả' nào cả."
14,"Kênh khoe, dạy săn bắt động vật hoang dã: Lên YouTube có mà đầy","Chỉ cần gõ cụm từ ""bẫy thú rừng"", ""bẫy chim"" hay ""cuộc sống hoang dã""… trên YouTube, hàng loạt kênh săn bắt, hướng dẫn săn bắt động vật hoang dã xuất hiện. Người xem không khỏi rùng mình và bày tỏ bức xúc trước những thước phim sát hại, chế biến món ăn từ những động vật hoang dã của các chủ kênh YouTube này. Lên án kênh YouTube săn bắt động vật hoang dã  Các kênh YouTube săn bắt, chế biến, ăn động vật hoang dã xuất hiện nhan nhản như: Dân tộc Tây Bắc TV, Hoang dã vùng cao, ACường TV, Vi Tuấn TV, Minh Khuyên TV, Quang TV Hoi An, Thợ núi, Thợ núi rừng, Thợ bẫy chồn, Lim Xanh, Hoàng Khiêm, Rừng xanh TN, Minh Ngọc Blog, Kênh bẫy chim sẻ - Mr.Trí, Mèo bánh xèo… Mỗi kênh YouTube này đăng hàng trăm video clip hướng dẫn, tường thuật việc săn bắt động vật hoang dã trong những khu rừng nguyên sinh, vườn quốc gia tại nhiều tỉnh, thành trong cả nước. Có hàng chục ngàn đến hàng trăm ngàn lượt người đăng ký theo dõi mỗi kênh.  Số lượng người xem các video clip này cũng khá lớn, ít nhất vài chục ngàn lượt, phần lớn vài trăm ngàn lượt, có những video clip cá biệt có hơn 500.000 lượt xem. Đơn cử như kênh YouTube ACường TV có 45.000 người đăng ký. Kênh này đăng 235 video clip, chủ yếu là các video clip săn bắt động vật hoang dã như chồn lửa, chồn hương, các loài rắn (hổ mang, cạp nong, cạp nia…), chim rừng, rùa… Mỗi video clip có vài chục ngàn đến hơn 100.000 lượt xem. Tổng số lượt xem kênh hơn 11,8 triệu lượt, dù kênh này mới thành lập vào giữa năm 2020. Kênh YouTube Vi Tuấn TV ngang nhiên ""quảng cáo"" trên phần giới thiệu là kênh săn bắt. Còn kênh YouTube Tây Nguyên hoang dã cũng rao là kênh chuyên về hướng dẫn bẫy chim rừng. Kênh Vi Tuấn TV đăng 139 video, có hơn 1,7 triệu lượt xem dù chỉ có 3,22 ngàn người đăng ký theo dõi. Tây Nguyên hoang dã lên đến gần 4 triệu lượt xem với 444 video đã được đăng. Cá biệt kênh YouTube Thợ núi có 107.000 người đăng ký, hơn 41,6 triệu lượt xem. Kênh YouTube Thợ núi rừng cũng có gần 41 triệu lượt xem nhưng số lượng người đăng ký ít hơn gần một nửa, 56,5 ngàn người đăng ký. Số lượng video hai kênh này đăng là hơn 200 video clip, cho thấy sự tò mò của người xem, vô tình tiếp tay cho hành vi phạm pháp. Mạnh tay xử lý hành vi săn bắt động vật hoang dã Ngày 17-5-2022, Thủ tướng Chính phủ ban hành chỉ thị số 04/CT-TTg về một số nhiệm vụ, giải pháp cấp bách để bảo tồn các loài chim hoang dã, di cư tại Việt Nam. Theo đó, chỉ thị yêu cầu cán bộ, công chức, người lao động và người dân không tham gia săn, bắt, mua, bán, vận chuyển, giết mổ, tiêu thụ, tàng trữ, quảng cáo các loài chim hoang dã, di cư trái pháp luật; không mua các cá thể chim để phóng sinh vì đây là hành vi tiếp tay cho các hoạt động săn, bẫy chim hoang dã trái phép. Việc các YouTuber ngang nhiên săn bắt, chế biến động vật hoang dã, sau đó ghi hình và đăng tải lên YouTube là hành vi vi phạm pháp luật, đáng lên án. Tuy nhiên, các hành vi săn bắn, giết và ăn động vật hoang dã công khai vẫn chưa được quan tâm và xử lý triệt để khiến dư luận bức xúc. Thiết nghĩ các cơ quan chức năng sớm có giải pháp, chế tài mạnh tay để ngăn chặn làn sóng sản xuất video độc hại này.",13/04/2024 15:04 GMT+7,https://tuoitre.vn/kenh-khoe-day-san-bat-dong-vat-hoang-da-len-youtube-co-ma-day-20240413133356727.htm,"Các video clip săn bắt, chế biến, ăn động vật hoang dã tràn lan trên YouTube thu hút hàng trăm ngàn người xem, bị độc giả phản ứng dữ dội."
15,Nhà văn Lê Hoài Lương nhận giải từ Quỹ nhà văn Lê Lự,"Con trai nhà văn đã thay ông nhận vinh dự lớn này. Đây cũng là lần đầu tiên trong 4 mùa giải thưởng cuộc thi văn học do Quỹ nhà văn Lê Lựu tổ chức tìm được giải nhất. Ba lần tổ chức trước đó đều không tìm được giải nhất để trao giải. Nhà văn Lê Hoài Lương sinh sống và làm việc ở Bình Định, ông đang mắc nhiều căn bệnh nặng, trong đó có bệnh ung thư. Lê Hoài Lương với những câu chuyện lạ và hay Ông được trao giải nhất cuộc thi văn học về đề tài Nông nghiệp, nông thôn Việt Nam, về đời sống, sự nghiệp của các doanh nhân lần thứ 4 với hai truyện ngắn Sóng khác và Ngưu hoàng. Theo nhà văn Văn Chinh - đại diện ban giám khảo của cuộc thi, Ngưu hoàng kể câu chuyện về hồn làng xưa đang rã ra từng mảnh từ câu chuyện ứng xử với căn nhà từ đường của cha ông trong một gia đình nông thôn dần bỏ làng ra phố. Còn Sóng khác lại cho thấy sự liều lĩnh, hay bản lĩnh của nhà văn Lê Hoài Lương khi viết lại tích Từ Thức gặp tiên đã quen thuộc bao đời. Lê Hoài Lương kể chuyện một người vì đi uống nước ở giếng Tiên mà ngủ suốt 80 năm nay. Tình huống này khiến gã ngư phủ ngày xưa sống hạnh phúc khỏe khoắn với vợ và với thiên nhiên chợt hiện ra trước lớp lớp người hiện đại như một ""báu vật"". Còn chính gã cũng không sao hiểu nổi vì đâu mà con người thời này sống giữa những ""cái hộp"" với sự trợ giúp của bao nhiêu tiện nghi công cụ, trong đó có công cụ tình dục, mà vẫn không hạnh phúc. Theo nhà văn Văn Chinh, Lê Hoài Lương đã kể được một câu chuyện rất lạ và rất hay. Ban tổ chức còn trao hai giải nhì cho tác giả Phan Đình Minh với hai tác phẩm Cha tôi - kép Cúc, Phần mềm; và tác giả Nguyễn Hải Yến với hai tác phẩm Người đàn bà của dòng sông, Đồng tháng ba sương bắt đầu lên. Ba giải ba cho ba tác giả: Đinh Ngọc Hùng (tác phẩm: Mặn mòi vị biển, Thăng trầm của đất, Vỡ làng); Phan Đức Lộc (tác phẩm: Lỗ sẻ, Người đàn ông của dòng sông); Võ Thị Xuân Hà (tác phẩm: Khúc Thiên thai, Giữa bầy cừu). Bốn giải tư được trao cho bốn tác giả: Song Ngư (tác phẩm: Giao cảm, Cầu vồng ma), Hồ Ngọc Quang (tác phẩm Mự tôi); Bùi Ngọc Quế (tác phẩm: Còn nợ với hương linh liệt sĩ); Nguyễn Văn Học (tác phẩm: Bước qua ranh giới).",13/04/2024 14:58 GMT+7,https://tuoitre.vn/nha-van-le-hoai-luong-nhan-giai-tu-quy-nha-van-le-luu-20240413141038905.htm,"Mắc trọng bệnh, nhà văn Lê Hoài Lương không thể đến nhận giải nhất cuộc thi văn học về đề tài nông nghiệp, nông thôn Việt Nam, về đời sống, sự nghiệp của các doanh nhân lần thứ 4 do Quỹ nhà văn Lê Lựu trao giải sáng 13-4 tại Hà Nội."
16,"5 biệt thự Xương Rồng, Bông Sứ, Bông Giấy, Phượng Vĩ và Cây Bàng ở lầu Bảo Đại sắp được trùng t","Ngày 13-4, UBND tỉnh Khánh Hòa cho biết đã đề nghị các sở ban ngành tham mưu kế hoạch tổng thể về phương án trùng tu, tôn tạo và các giải pháp quản lý, khai thác đối với 5 căn biệt thự Cầu Đá trên núi Cảnh Long (biệt thự lầu Bảo Đại, ở phường Vĩnh Nguyên, TP Nha Trang). Theo đó, để sớm triển khai, tỉnh này đề nghị Sở Văn hóa và Thể thao chủ trì, phối hợp với các sở ngành cùng đơn vị liên quan tham mưu kế hoạch tổng thể về phương án trùng tu, tôn tạo 5 căn biệt thự nói trên. UBND tỉnh Khánh Hòa yêu cầu phải xác định tiến độ, các mốc thời gian cụ thể để hoàn thành các công việc liên quan. Sở Văn hóa và Thể thao chủ động lập hồ sơ công nhận xếp hạng di tích đối với các căn biệt thự nêu trên theo đúng quy định; lập hồ sơ đề xuất chủ trương đầu tư dự án trùng tu, tôn tạo 5 căn biệt thự Cầu Đá. Sở này còn phải chủ trì, phối hợp với các đơn vị, doanh nghiệp liên quan nghiên cứu, tham mưu tỉnh việc bàn giao các hiện vật, di vật tại 5 căn biệt thự trên cho Trung tâm Bảo tồn di tích tỉnh quản lý, đảm bảo theo đúng trình tự, thủ tục. 5 căn biệt thự lầu Bảo Đại là 5 căn nhà cổ có tên Xương Rồng, Bông Sứ, Bông Giấy, Phượng Vĩ và Cây Bàng, nằm trên núi Cảnh Long (TP Nha Trang), do người Pháp xây năm 1923. Khoảng từ năm 1940 - 1945, vua Bảo Đại và hoàng hậu Nam Phương cùng gia đình thường xuyên đến khu di tích này nghỉ dưỡng, giải trí nên từ đó có tên lầu Bảo Đại. Cuối năm 2013, tỉnh Khánh Hòa giao 13,6ha đất (gồm 8,9ha đất di tích lầu Bảo Đại và núi Cảnh Long; còn lại là diện tích mặt biển danh thắng quốc gia vịnh Nha Trang) cho doanh nghiệp làm dự án kinh doanh Bảo Đại Resort Nha Trang. Tuy nhiên, dự án xảy ra nhiều vi phạm trong quá trình triển khai, bị đình chỉ thi công từ năm 2017 cho đến nay.  Vừa qua, tỉnh Khánh Hòa đã thu hồi đất tại dự án này sau khi đề nghị trả lại 5 biệt thự trong khu di tích, và được doanh nghiệp đồng ý. Một số hình ảnh về 5 căn biệt thự cổ lầu Bảo Đại:",13/04/2024 13:11 GMT+7,https://tuoitre.vn/5-biet-thu-xuong-rong-bong-su-bong-giay-phuong-vi-va-cay-bang-o-lau-bao-dai-sap-duoc-trung-tu-20240413112022057.htm,"Khánh Hòa đề nghị các sở ban ngành tham mưu phương án trùng tu, tôn tạo cũng như giải pháp quản lý, khai thác 5 căn biệt thự Cầu Đá (hay còn gọi biệt thự lầu Bảo Đại) tại Nha Trang."
17,Những kỷ vật tái hiện cuộc đời của cố Tổng bí thư Trần Ph,,13/04/2024 12:55 GMT+7,https://tuoitre.vn/nhung-ky-vat-tai-hien-cuoc-doi-cua-co-tong-bi-thu-tran-phu-20240412112959427.htm,"Những ngày này ở huyện Đức Thọ, khắp các nẻo đường rợp bóng cờ bay để kỷ niệm 120 năm ngày sinh của cố Tổng bí thư Trần Phú. Đến thăm khu lưu niệm, tận mắt thấy những kỷ vật tái hiện cuộc đời của ông được trưng bày trang trọng."
18,Ông hoàng thời trang Roberto Cavalli qua đời ở tuổi 8,"Roberto Cavalli luôn được coi là một trong những huyền thoại, đem đến sự kiến tạo tuyệt vời trong thế giới thời trang. Nhà thiết kế sinh năm 1940 tại một ngôi làng nhỏ ở Tuscani (Ý). In họa tiết thiên nhiên và phun cát lên vải jeans Roberto Cavalli thường sử dụng màu sắc tươi sáng và nhiều hiệu ứng phối hợp trong các sáng tạo của mình. Ông nổi tiếng là một người yêu nghệ thuật, hướng ngoại, nổi bật với hình ảnh đeo kính râm và hút xì gà. Có thể nói Roberto Cavalli là người đặt nền móng cho trường phái in họa tiết thiên nhiên và phun cát lên vải jeans.  Ngoài ra, ông còn là ""cha đẻ"" của phương pháp in trên da khiến các thương hiệu lớn như Hermès và Pierre Cardin thấy ấn tượng và ứng dụng vào những sản phẩm của mình. Năm 1972, Roberto Cavalli trình làng một bộ sưu tập cá nhân và khai trương cửa hàng đầu tiên của mình.  Vào giai đoạn 1980 - 1990, Roberto Cavalli bắt đầu được công nhận là một trong những thương hiệu thời trang hàng đầu thế giới. Tới năm 1994, Roberto Cavalli dành sự quan tâm tới lĩnh vực jeans và nhanh chóng đạt được nhiều thành công với Cavalli Jeans, sau này đổi tên thành Just Cavalli. Từ thập niên 1990, Roberto Cavalli bắt đầu mở rộng đế chế thời trang, bao trùm cả các lĩnh vực đồ nội y, kính mắt, giày dép, đồng hồ và nước hoa có thương hiệu, đồ gia dụng, trang phục thú cưng, vodka, rượu vang, nhà hàng… Roberto Cavalli là nghệ sĩ bẩm sinh  Trên trang chủ của công ty Roberto Cavalli, giám đốc sáng tạo Fausto Puglisi bày tỏ:  ""Với lòng tiếc nuối sâu sắc, nhà mốt Roberto Cavalli xin thông báo về sự ra đi của nhà sáng lập Roberto Cavalli. Từ sự khởi đầu khiêm tốn ở Florence, ông Cavalli đã trở thành cái tên được công nhận trên toàn cầu, được mọi người yêu mến và kính trọng. Ông là một nghệ sĩ bẩm sinh, người luôn luôn tin tưởng rằng mọi người đều có thể khám phá tính nghệ sĩ trong họ. Di sản của Roberto Cavalli sẽ còn lại mãi qua nghệ thuật, sự sáng tạo, tình yêu thiên nhiên, động vật và gia đình mà ông yêu quý. Roberto thân mến, có thể anh không còn ở bên chúng tôi nữa, nhưng tôi biết rằng tinh thần của anh sẽ luôn ở bên tôi.  Đó là vinh dự lớn nhất trong sự nghiệp của tôi khi được làm việc dưới sự kế thừa của anh, cho thương hiệu anh đã thành lập với tầm nhìn và phong cách đặc sắc.  Yên nghỉ nhé. Anh sẽ luôn được tưởng nhớ, cái tên của anh sẽ tiếp tục là nguồn cảm hứng cho nhiều người khác, và đặc biệt là với tôi"". Chia sẻ về sự ra đi của một biểu tượng thời trang toàn cầu trên Instagram, nhà thiết kế Giorgio Armani khẳng định luôn dành ""sự tôn trọng to lớn"" cho Roberto Cavalli, đồng thời cho biết ""Roberto là một nghệ sĩ thực thụ và tuyệt vời trong việc sử dụng các bản in, có khả năng biến tưởng tượng thành các thiết kế quần áo quyến rũ"". Tang lễ của ông Roberto Cavalli sẽ được tổ chức tại Florence vào ngày 15-4 tới.",13/04/2024 10:11 GMT+7,https://tuoitre.vn/ong-hoang-thoi-trang-roberto-cavalli-qua-doi-o-tuoi-83-20240413101036367.htm,"Sáng 13-4, truyền thông quốc tế đưa tin nhà thiết kế thời trang lừng danh thế giới Roberto Cavalli đã qua đời ở tuổi 83, tại nhà riêng ở Florence (Ý), sau một thời gian lâm trọng bệnh."
19,Ngày Sách và Văn hóa đọc tìm cả bạn đọc ở nước ngoà,"Ngày Sách và Văn hóa đọc Việt Nam lần thứ ba năm 2024 sẽ được tổ chức trong suốt tháng 4 trên cả nước, trọng tâm từ ngày 17-4 đến 1-5. Trong đó, lễ khai mạc sẽ được tổ chức vào tối 17-4 tại Văn Miếu - Quốc Tử Giám, Hà Nội. Sau lễ khai mạc, hội sách chào mừng Ngày Sách và Văn hóa đọc Việt Nam sẽ được tổ chức trong năm ngày, từ 17 đến 21-4, tại khu vực Hồ Văn thuộc Văn Miếu - Quốc Tử Giám. Tại đây sẽ có triển lãm các bộ sách quý về Di tích lịch sử quốc gia đặc biệt Văn Miếu - Quốc Tử Giám, ảnh và sách về đất nước con người Việt Nam trên các phiên bản điện tử hiện đại và các ấn bản trực tiếp. Dự kiến có khoảng 60 đơn vị tham gia trưng bày, giới thiệu trên 40.000 đầu sách với nhiều hình thức khuyến mãi. Nhiều sự kiện tọa đàm, giới thiệu sách; giao lưu tác giả, tác phẩm; chương trình nghệ thuật tiêu biểu cũng được tổ chức để thu hút bạn đọc. Ngoài ra, Cục Xuất bản - In và Phát hành phối hợp với Cục Thông tin đối ngoại và các nhà xuất bản... tổ chức triển lãm, hội chợ sách online trên nền tảng số quốc gia vietnam.vn từ 15 đến 30-4 với chủ đề ""Sách hay tìm bạn đọc"". Bạn đọc trong và ngoài nước (đặc biệt là bà con kiều bào ở nước ngoài) có thể trực tiếp lựa chọn mua sách thông qua sự kết nối trực tiếp giữa nền tảng số quốc gia vietnam.vn với sàn mua bán sách trực tuyến Books365.vn. Hội sách trực tuyến cũng đã nhận được cam kết đồng hành từ phía các nền tảng thanh toán trực tuyến, các đơn vị logistics nhằm tạo điều kiện thuận lợi nhất cho bạn đọc là người Việt Nam ở nước ngoài có thể mua sách từ các nhà xuất bản và đơn vị phát hành trong nước. Dịp này, Bộ TT&TT phối hợp với Trung ương Đoàn TNCS Hồ Chí Minh, Hội Xuất bản Việt Nam tổ chức lễ phát động Ngày đọc sách trong thanh niên vào ngày 19-4 tại Học viện Công nghệ bưu chính viễn thông (Hà Nội).",13/04/2024 09:50 GMT+7,https://tuoitre.vn/ngay-sach-va-van-hoa-doc-tim-ca-ban-doc-o-nuoc-ngoai-20240413093734259.htm,"Ngày Sách và Văn hóa đọc Việt Nam lần thứ ba năm 2024 với các thông điệp: Sách hay cần bạn đọc, Sách quý tặng bạn, Tặng sách hay - Mua sách thật, Sách hay: Mắt đọc - Tai nghe..."
20,Ăn thịt chim hoang dã và thú rừng: Rồi có trả đủ nghiệp quả cho một bữa ăn,"Hưởng ứng livestream, các khách hàng bình luận ""ngon quá"", ""xem mà chảy nước miếng""… Đến khi nào con người mới hết ""hoang dã"", ""ăn tạp"" và dã man như vậy? Dưới hai bài viết Đăng công khai clip ăn chim hoang dã lên mạng, gây bức xúc và Chim hoang dã bị cột chân, treo ngược cả bầy, rất thương (đều đăng tải trên Tuổi Trẻ Online ngày 12-4), nhiều bạn đọc để lại bình luận lên án hành vi đó, mong pháp luật quan tâm, có biện pháp ngăn chặn. Một số khán giả còn ""mách"" một số địa chỉ bán chim hoang dã cũng như ""mấy kênh YouTube quay cảnh bắn chim rồi nướng ăn, trữ đông trong tủ lạnh… rất nhiều lượt xem"". Bạn đọc tên Vinh nêu nhận xét: ""Trên đời trăm vạn món ngon, ăn uống cái kiểu tàn sát tận diệt, cứ thấy ánh mắt hau háu thèm của bợm nhậu mỗi bận mua chim hoang dã mà tôi rùng mình"". Người quá đông, động vật hoang dã không đủ Giảng viên Nguyễn Hoài Bảo - bộ môn điểu học, Trường đại học Khoa học tự nhiên (Đại học Quốc gia TP.HCM) - nói với Tuổi Trẻ Online, trước đây khi nguồn thực phẩm còn thiếu hụt, nguồn protein từ động vật hoang dã có thể được xem là thực phẩm cần thiết. Những người dân tộc thiểu số thường săn bẫy số lượng ít, vừa đủ cho nhu cầu của các bản làng nên động vật hoang dã có đủ thời gian để tái sinh một cách bền vững. Con người và thiên nhiên vẫn là một mối quan hệ cộng sinh, gắn kết. Nay đã khác. Sự kết nối giao thông và văn hóa giữa nông thôn và thành thị dẫn đến việc thương mại hóa sản phẩm từ động vật hoang dã. Một bộ phận người có tiền cho thưởng thức động vật hoang dã mới chứng tỏ được sự quý tộc và sành điệu của họ. Có cung ắt có cầu, bất chấp những quy định về pháp luật. Và loài người thì quá đông, còn động vật hoang dã… lại có hạn, ngày càng tận diệt, có loài đã tuyệt chủng. Tuy nhiên theo anh Hoài Bảo, ""nhiều người trong số họ không biết thịt động vật hoang dã không ""sạch"" như họ tưởng. Chúng mang đầy vi rút và vi khuẩn là mầm bệnh có thể lây lan sang người"". Anh kể có một lần anh chứng kiến các thợ săn miền núi đi rừng (có khi đi trong vài tháng) mang formaline (một loại hóa chất dùng để ướp xác và có khả năng gây ung thư rất cao) để bảo quản những con thú săn được vẫn tươi ngon khi chuyển về các nhà hàng. ""Nghiên cứu của nhóm chúng tôi thực hiện năm 2008-2009 ở Đồng bằng sông Cửu Long cho thấy 76% rắn thu ở chợ mang mầm bệnh Salmonella, một số cá thể chim hoang dã bán ở chợ chứa vi rút H5N9 là nguồn gốc có thể chuyển qua H5N1"". Phải chăng, con người ""tự nhiên chủ nghĩa"" quá? Nghiệp quả của một bữa ăn? Trên đời trăm vạn món ngon, vì sao cứ phải tàn sát, tận diệt như vậy? Đây là một câu hỏi không dễ trả lời. Tác giả Michael Pollan có một cuốn sách ""suy xét thấu đáo hệ quả đạo đức của thói quen ăn uống của chúng ta"" (theo báo The New Yorker) tên là Omnivore's Dilemma được xuất bản ở Việt Nam vài năm trước dưới tựa Việt là Nào tối nay ăn gì - Thế lưỡng nan của loài ăn tạp. Trong đó, ông cho rằng cũng như mọi sinh vật khác trên trái đất, loài người tham gia vào một chuỗi thức ăn và vị trí của chúng ta trong chuỗi, hay mạng lưới thức ăn đó sẽ quyết định đáng kể chúng ta là loài sinh vật nào. ""Một số triết gia đã lập luận, chính khẩu vị không có giới hạn của loài người là nguyên nhân của cả sự tàn bạo lẫn văn minh, bởi một sinh vật có thể hình dung ra việc ăn bất cứ thứ gì thì đặc biệt cần tới các nguyên tắc đạo đức, tập quán và lễ nghi. Không chỉ những gì ta ăn mà ngay cả cách ăn sẽ quyết định chúng ta là ai?"", sách viết. Để khảo sát, ông Michael Pollan từng thực hiện một cuộc phiêu lưu để chuẩn bị một bữa ăn (gần như) hoàn toàn từ những nguyên liệu tự săn bắn, hái lượm và trồng trọt như người xưa. Kết quả, kể trong Nào tối nay ăn gì - Thế lưỡng nan của loài ăn tạp, ông buộc phải đương đầu với một trong những câu hỏi căn bản, nan giải nhất mà loài người ăn tạp phải đối diện: những hệ quả đối với đạo đức và tâm lý con người khi giết, chế biến và ăn thịt một con vật hoang dã là gì? Liệu chúng ta có ""khả năng trả đủ nghiệp quả cho một bữa ăn""?",13/04/2024 06:11 GMT+7,https://tuoitre.vn/an-thit-chim-hoang-da-va-thu-rung-roi-co-tra-du-nghiep-qua-cho-mot-bua-an-20240413052529439.htm,"Những chú chim hoang dã bị dốc ngược lên, cột chân trước khi bị mang đi chế biến. Chủ nhà hàng livestream cách hấp dúi rừng Tây Bắc, ăn thịt chim nhồm nhoàm và cười nói vô tư."
21,"Minh Trang, Quốc Thảo, thế hệ vàng kịch nói thành phố gặp lại nhau trong Trò chơi mất tíc","Đây là vở kịch đánh dấu sự tái hợp của đôi bạn diễn Minh Trang và Quốc Thảo sau mười mấy năm gián đoạn. Minh Trang, Quốc Thảo gặp nhau éo le trong Trò chơi mất tích Những ai mê kịch nói TP.HCM từ những năm 1980, 1990 chắc không thể quên Quốc Thảo và Minh Trang trong rất nhiều vở kịch như Lôi vũ, Một cuộc đời bị đánh cắp, Gái giang hồ quốc tế… Minh Trang, Quốc Thảo cùng nhiều nghệ sĩ như Thành Lộc, Hồng Vân, Hồng Đào, Việt Anh, Phương Linh, Kim Xuân, Thành Hội, Ái Như, Hữu Châu… đã tạo ra một lớp nghệ sĩ kịch đáng tự hào của sàn diễn thành phố mà người ta hay gọi là những nghệ sĩ kịch ""thế hệ vàng"". Quốc Thảo tâm sự mấy lần nghệ sĩ Minh Trang về nước anh đều rủ chị cùng làm kịch cho vui. ""Trang còn mê nghề lắm nên nhận lời tôi ngay. Tuy nhiên đến lần này Trang mới có thể thu xếp việc riêng ở Singapore để ở Việt Nam suốt cả tháng tham gia tập và diễn vở Trò chơi mất tích"" - Quốc Thảo chia sẻ. Trò chơi mất tích là kịch bản mà tác giả Nguyễn Thị Minh Ngọc cảm tác từ truyện ngắn Một trái tim khô của nhà văn Nguyễn Ngọc Tư. Vở khai thác nỗi đau của cô Hậu (Tuyết Thu đóng), một phụ nữ đẹp, giỏi giang, là tổng giám đốc công ty Mặt Trời. Rồi một ngày Hậu bất ngờ bị đâm một nhát dao trên con đường vắng, nhưng may mắn cô thoát chết. Tuy nhiên, Hậu như cảm thấy có ai đó luôn muốn giết mình và cô phát điên… Minh Trang vào vai Lệ Diễm, chị gái cùng cha khác mẹ với Hậu. Và rồi Diễm rơi vào mối quan hệ tay ba với em gái. Còn Quốc Thảo là anh chàng Nhâm khó khăn và đầy nỗi niềm. Trong vở, Minh Trang và Quốc Thảo không đóng cặp với nhau, họ gặp nhau trong hoàn cảnh rất éo le… Quốc Thảo nhớ những ngày bàn kịch bản cùng Minh Ngọc ở quán cóc Ngoài sự hội ngộ của Minh Trang và Quốc Thảo thì Trò chơi mất tích còn đánh dấu sự hội tụ của các nghệ sĩ ""thế hệ vàng"" khác là đạo diễn Minh Ngọc và Việt Anh. Quốc Thảo kể hồi trước Tết anh tiếp nhận sân khấu Phú Nhuận, lúc đó anh định mời các nghệ sĩ cùng thế hệ tham gia mùa Tết nhưng không kịp. Sau Tết anh vẫn nuôi ý định và lại mời, lần này anh thành công.  ""Một vở mà tụ họp năm người gồm tôi, Minh Trang, Minh Ngọc, Việt Anh, Tuyết Thu, Hữu Quốc đều bận rộn là việc rất khó, nhưng ai cũng cố gắng thu xếp để tham gia thì chỉ có thể lý giải là do mọi người thương tôi thôi"" - Quốc Thảo cười nói. Với Quốc Thảo, đạo diễn Minh Ngọc là người bạn thân thiết. Lần này anh và chị đồng đạo diễn vở. Anh nhớ lại thời hoàng kim của sân khấu kịch thành phố, anh và Minh Ngọc hợp tác trong rất nhiều vở kịch. Minh Ngọc là tác giả, anh là đạo diễn như vở Tám người đàn bà, Bản chúc thư, Vàng hay bạc nhái… ""Hồi đó chúng tôi thường ngồi mấy tiếng trời tại một quán cà phê cóc ở hồ Con Rùa. Nhiều kịch bản được viết ngay tại đó. Chúng tôi trao đổi ý tưởng và Ngọc viết. Vậy mà đồng hành với nhau mấy chục năm trời"" - Quốc Thảo nói về người bạn thân thiết. Anh cũng cho biết thêm những ngày tập vở là những ngày rất vui, vì mọi người có cảm giác như sống lại một thời mà chỉ biết ăn ngủ cùng kịch. Anh méo mặt nói: ""Vui thì vui nhưng tới chừng cãi cũng… bùng nổ. Chúng tôi đều là những người có ý thức, có trách nhiệm với vai diễn nên cảm thấy điều gì không hợp lý là tranh luận liền để làm cho vở tốt nhất. Được cái là chúng tôi làm việc trên tinh thần tôn trọng nhau nên không giận hờn gì hết, cứ tranh luận rồi tìm ra giải pháp tốt nhất"". Sau đêm ra mắt ngày 19-4, Trò chơi mất tích sẽ diễn thêm các ngày 20, 21, 25, 26 và 28-4.",12/04/2024 20:50 GMT+7,https://tuoitre.vn/minh-trang-quoc-thao-the-he-vang-kich-noi-thanh-pho-gap-lai-nhau-trong-tro-choi-mat-tich-20240412203231333.htm,"Minh Trang, Quốc Thảo được xem là hai nghệ sĩ thuộc thế hệ vàng của làng kịch nói thành phố. Ngày 19-4, khán giả sẽ bất ngờ khi thấy họ hội ngộ trong vở kịch mới ở sân khấu kịch Quốc Thảo, Trò chơi mất tích."
22,Xem những bức ảnh sống động tuyệt vời về mèo của nhiếp ảnh gia Nhật Bả,"Trong một cuộc phỏng vấn với trang Bored Panda, Masayuki Oki nói rằng anh đã yêu mèo từ khi còn bé: ""Gia đình không cho phép tôi nuôi mèo nên tôi đơn phương yêu chúng cho đến tận khi 30 tuổi. Lúc đó tôi mới quyết định cầm máy đi săn ảnh những chú mèo. Thú thực trong thời gian đầu, những bức ảnh rất tệ, nhưng dần dần tôi đã chụp được nhiều điều thú vị và từ đó nhiếp ảnh trở thành một sở thích của tôi"". Nhiếp ảnh gia Nhật ""muốn chụp tất cả mèo trên thế giới"" Masayuki Oki luôn tìm cách ghi lại những khoảnh khắc chân thực nhất của các chú mèo mà không mang theo đồ chơi hay thức ăn cho chúng.  Tất cả các bức ảnh đều sẽ dựa trên tâm trạng và hành động tự nhiên của ""người mẫu"" ngay lúc đó. Nhờ những bức ảnh của Oki, ta có thể thấy những chú mèo cũng có đời sống rất phong phú, khi chúng vui chơi, nằm dài trên vỉa hè, vuốt ve nhau và cả khi... đánh nhau đều thể hiện được nét duyên dáng, nghiêm túc lẫn tinh nghịch riêng biệt. Khi ghi lại hình ảnh của những chú mèo, Masayuki Oki còn muốn thể hiện vai trò không thể thiếu của chúng trong văn hóa và xã hội Nhật Bản. Trong mười năm qua, nhiếp ảnh gia Masayuki Oki đã chụp ảnh rất nhiều mèo ở trên khắp nước Nhật, anh thường chia sẻ những hình ảnh dễ thương ấy trên trang Instagram gần 400.000 người theo dõi của mình. Anh còn chia sẻ mong muốn xa hơn trên trang cá nhân khi viết: ""Tôi muốn chụp ảnh tất cả những chú mèo trên khắp thế giới"". Trước đó, nhiếp ảnh gia người Nhật đã từng xuất bản sách ảnh Busa-nyan (nghĩa đen là Những chú mèo xấu xí), nhờ sự ủng hộ nhiệt tình của những người hâm mộ, sách bán được hơn 50.000 bản và trở thành cuốn sách bán chạy nhất của Nhà xuất bản Tatsumi. Busa-nyan là bộ sưu tập ảnh về cư dân mèo hoang ở khu vực Shitamachi ở Tokyo, tập trung vào cá tính của những chú mèo ở đây theo những cách hài hước nhất. Một số hình ảnh khác của nhiếp ảnh gia Masayuki Oki: ",12/04/2024 20:31 GMT+7,https://tuoitre.vn/xem-nhung-buc-anh-song-dong-tuyet-voi-ve-meo-cua-nhiep-anh-gia-nhat-ban-20240412174753708.htm,"Trong muôn vàn những đề tài ngoài kia, Masayuki Oki lại chọn chuyên chụp về 'những kẻ lang thang' đáng yêu ở Tokyo và ghi lại đời sống phong phú của chúng."
23,"35 nhà văn, tác giả dự trại sáng tác viết về Công an nhân dâ","Chiều 12-4, Bộ Công an và Hội Nhà văn Việt Nam tổ chức lễ khai mạc trại sáng tác tiểu thuyết, truyện và ký với đề tài ""Vì an ninh Tổ quốc và bình yên cuộc sống"" lần 5, giai đoạn 2022 - 2025, tại thành phố Vũng Tàu, tỉnh Bà Rịa - Vũng Tàu. Quy tụ nhiều nhà văn tên tuổi tham gia trại sáng tác Trại sáng tác tiểu thuyết, truyện và ký năm nay diễn ra từ ngày 12 đến 26-4, có 35 nhà văn, tác giả đến từ các tỉnh, thành trong cả nước, chủ yếu là khu vực phía Nam tham gia. Đó là những nhà văn tên tuổi quen thuộc và có cả những tác giả lần đầu tham gia như: nhà văn Nguyễn Thị Ngọc Hải, Nguyễn Minh Ngọc, Trầm Hương, Nguyễn Khắc Đức, Lại Văn Long, Trần Ngọc Trác, Đào Sỹ Quang, Kim Quyên… Các thể loại dự thi gồm: tiểu thuyết, truyện ký và hồi ký. Tác phẩm dự thi phải là tác phẩm chưa xuất bản hoặc chưa in trọn vẹn trên các báo, tạp chí. Dung lượng tối thiểu từ 50.000 từ (80 trang A4). Mỗi tác giả có thể gửi một hoặc nhiều tác phẩm dự thi. Đề tài tác phẩm dự thi phản ánh về công tác bảo đảm an ninh, trật tự và xây dựng lực lượng Công an nhân dân. Ban tổ chức khuyến khích viết về những vấn đề mới đặt ra trong tình hình hiện nay, những vấn đề nóng liên quan đến nhiệm vụ bảo vệ an ninh quốc gia, an ninh phi truyền thống. Bà Phạm Thị Mỹ Nương - phó tổng biên tập Nhà xuất bản Công an nhân dân - cho biết các nhà văn, tác giả dự trại sáng tác đều có đề cương bản thảo hoặc tác phẩm đang hoàn thiện. Qua cuộc thi sáng tác văn học lần này, ban tổ chức mong muốn tạo môi trường sáng tác chuyên nghiệp, để các tác giả viết nên những trang văn phản ánh chân thực về hình tượng người chiến sĩ Công an nhân dân trong cuộc đấu tranh bảo vệ an ninh Tổ quốc, vì bình yên cuộc sống, vì hạnh phúc của nhân dân. Tạo điều kiện cho nhà văn tiếp cận tư liệu, trải nghiệm thực tế Nhà văn Nguyễn Quang Thiều - chủ tịch Hội Nhà văn Việt Nam, đồng chủ tịch hội đồng chỉ đạo cuộc thi - đề xuất: ""Bộ Công an cần mở thêm cánh cửa rộng hơn để các nhà văn, tác giả tiếp cận những thông tin, tư liệu, con người, sự kiện trong lực lượng. Bởi không chỉ người dân muốn viết mà người đọc cũng rất muốn biết"". ""Chúng tôi sẵn sàng tạo điều kiện, cung cấp tư liệu, đồng hành cùng các nhà văn trong quá trình sáng tác.  Trong đó có những vấn đề mới đặt ra trong tình hình hiện nay, những vấn đề nóng liên quan đến nhiệm vụ bảo vệ an ninh quốc gia, nhất là những vấn đề liên quan an ninh phi truyền thống. Chúng tôi hy vọng với tài năng của các nhà văn, cuộc thi sẽ có nhiều tác phẩm thể hiện sâu sắc hình tượng người chiến sĩ công an tinh nhuệ, hiện đại trong cuộc chiến mới mẻ ứng phó các nguy cơ an ninh mới"", ông Trần Cao Kiều - phó cục trưởng Cục Truyền thông Công an nhân dân, tổng biên tập Nhà xuất bản Công an nhân dân - cho biết. Dự kiến lễ bế mạc trại sáng tác tiểu thuyết, truyện và ký diễn ra sáng 26-4 tới. Lễ tổng kết và trao giải thưởng dự kiến sẽ diễn ra vào tháng 8-2025.",12/04/2024 17:30 GMT+7,https://tuoitre.vn/35-nha-van-tac-gia-du-trai-sang-tac-viet-ve-cong-an-nhan-dan-20240412170007281.htm,"Trại sáng tác cuộc thi viết tiểu thuyết, truyện và ký với đề tài 'Vì an ninh Tổ quốc và bình yên cuộc sống' diễn ra từ ngày 12 đến 26-4, tại tỉnh Bà Rịa - Vũng Tàu."
24,"Chim hoang dã bị cột chân, treo ngược cả bầy, rất thươn","Sau khi Tuổi Trẻ Online đăng bài viết Đăng công khai clip ăn chim hoang dã lên mạng, gây bức xúc, nhiều độc giả để lại bình luận lên án hành động của nhà hàng Vương chim ở Phủ Lý, Hà Nam. Phạt nặng, rút giấy phép kinh doanh nhà hàng bán chim hoang dã Nhiều độc giả cho rằng cần phải xử lý nghiêm nhà hàng Vương chim ngang nhiên kinh doanh và quay clip ăn chim hoang dã đăng lên mạng xã hội. Độc giả Am, Le Hung bình luận: ""Cần xử lý hình sự các cơ sở này"", ""Cần phải xử lý nghiêm"". Độc giả Bạch Dương cũng cùng quan điểm ""phải phạt"". Độc giả Bí Đao viết ""Phạt cho chừa"". Thậm chí, độc giả Coc yêu cầu ""Rút giấy phép kinh doanh, khóa kênh câu view"" vì đây là hành vi đáng lên án, tiếp tay cho nạn bẫy chim, hủy hoại thiên nhiên. Với trường hợp của nhà hàng Vương chim, độc giả HKV cho rằng hành động của chủ nhà hàng rất phản cảm. Độc giả này mong ngành chức năng cần nhanh chóng xác minh, xử nghiêm theo quy định của pháp luật. Độc giả Huỳnh Thanh Danh đặt ra câu hỏi mà có lẽ rất nhiều người cùng thắc mắc. Đó là ""các cơ quan chức năng ở Hà Nam có biết việc này hay biết mà làm ngơ?"". Chim bị treo ngược cả bầy, trông rất thương Bên cạnh những địa điểm hay bày bán chim hoang dã tại TP.HCM mà bài viết đề cập, độc giả cung cấp thêm nhiều địa chỉ khác bày bán và tỏ ra bức xúc. Đó là ở khu vực chân cầu Nguyễn Văn Cừ, có một người bán cột chân chim hoang dã treo ngược cả bầy, trông rất thương. Một số tuyến đường trong trung tâm TP.HCM cũng thường xuyên có các đối tượng đi bẫy chim cu công khai. Trong đó có đường Trần Quốc Thảo (quận 3). Độc giả tên Thủy chia sẻ: ""Những người thích ăn động vật hoang dã, ngoài phạm luật, đe dọa cân bằng sinh thái thì còn khả năng rước bệnh vào người nữa. Họ không hiểu sự khác nhau của động vật chăn nuôi và động vật hoang dã ở vấn đề an toàn thực phẩm. Cứ nghĩ ăn chín uống sôi là được mà không biết động vật hoang dã chứa rất nhiều vi rút. Động vật chăn nuôi được tiêm ngừa mà nhiều trường hợp người ăn còn bị nhiễm bệnh, đến khi bệnh nằm trên giường may ra mới tỉnh ngộ"". Độc giả Đặng Công Bợ đề xuất: ""Còn mấy kênh YouTube săn bắn chim nữa, họ quay cảnh bắn chim rồi nướng ăn, trữ đông trong tủ lạnh… rất phản cảm"". Độc giả Anh Tuần XP cho rằng hiện mức xử phạt còn quá nhẹ với những tội phạm phá hoại thiên nhiên, cần sớm được tăng lên để đủ mang tính răn đe cho những hành động thật đáng lên án. Còn độc giả Thùy Linh mong muốn các thông tin và kiến thức về chim hoang dã cần được đưa vào giáo dục cho học sinh, để nâng cao nhận thức về việc bảo tồn các loài chim. ",12/04/2024 13:55 GMT+7,https://tuoitre.vn/chim-hoang-da-bi-cot-chan-treo-nguoc-ca-bay-rat-thuong-20240412134400476.htm,"Nhiều độc giả lên án hành vi kinh doanh chim hoang dã, quay clip đăng lên mạng xã hội của nhà hàng Vương chim, đồng thời yêu cầu rút giấy phép kinh doanh và xử phạt thật nặng."
25,"Đăng công khai clip ăn chim hoang dã lên mạng, gây bức xú","Thời gian gần đây, Fanpage ""Vương chim to - Hà Nam"" và trang cá nhân ""NH Vương chim"" liên tục đăng nhiều hình ảnh, clip ăn chim hoang dã. Thông tin nhà hàng này có địa chỉ ở Phủ Lý, Hà Nam. Chỉ thị số 04/CT-TTg về một số nhiệm vụ, giải pháp cấp bách để bảo tồn các loài chim hoang dã, di cư tại Việt Nam của Thủ tướng Chính phủ quy định rõ ""săn, bắt, mua, bán, vận chuyển, giết mổ, tiêu thụ, tàng trữ, quảng cáo các loài chim hoang dã, di cư là trái pháp luật"". Tuy nhiên tình trạng mua bán, tiêu thụ chim hoang dã hiện nay vẫn tồn tại, thậm chí nhiều người còn quay clip đăng lên mạng xã hội để quảng cáo gây bức xúc trong dư luận. Anh Tăng A Pẩu - phó chủ tịch Chi hội Bảo tồn chim hoang dã Việt Nam, trực thuộc Hiệp hội Vườn quốc gia và Khu bảo tồn thiên nhiên Việt Nam - cho biết các nhà hàng xem chim hoang dã là một mặt hàng độc đáo để kinh doanh là vi phạm pháp luật. Anh giải thích: ""Các loài chim hoang dã trên thế giới đều hữu ích cho con người.  Tuy nhiên có nhiều người không hiểu chim hoang dã có ý nghĩa như thế nào về mặt sinh học và những quy định pháp luật về bảo vệ chim hoang dã nên vô tư ăn chim hoang dã mà không biết mình phạm luật"". Anh Tăng A Pẩu cho biết thêm hiện ở TP.HCM vẫn còn nhiều người buôn bán chim hoang dã như khu vực cầu Phú Mỹ (quận 7), tuyến đường Mai Chí Thọ, Nguyễn Cơ Thạch (thành phố Thủ Đức)... Nhiều người cho rằng phải chăng quản lý của các cơ quan chức năng chưa chặt, chế tài chưa đủ sức răn đe nên tình trạng buôn bán chim hoang dã công khai không thể dẹp bỏ. Anh Nguyễn Hoài Bảo - giảng viên bộ môn điểu học Trường đại học Khoa học tự nhiên (Đại học Quốc gia TP.HCM) - cho rằng ngày nay nhu cầu ăn chim hoang dã không phải do thiếu đói nữa, mà muốn thể hiện sự giàu có của mình. ""Mỗi khi người nổi tiếng xuất hiện, nhà hàng kinh doanh chim hoang dã có thể lợi dụng hình ảnh này để quảng cáo, thu hút thêm người khác đến. Từ đó, nhu cầu của người tiêu dùng có, dẫn đến việc mua bán, kích thích nhiều người săn bắt chim hoang dã, gây mất cân bằng hệ sinh thái"" - anh Nguyễn Hoài Bảo cho biết thêm.",12/04/2024 08:32 GMT+7,https://tuoitre.vn/dang-cong-khai-clip-an-chim-hoang-da-len-mang-gay-buc-xuc-20240412065520712.htm,"Không chỉ ăn chim hoang dã mà một nhà hàng ở Phủ Lý, Hà Nam còn quay nhiều clip đăng công khai lên mạng xã hội gây bức xúc trong dư luận."
26,"Điện Biên Phủ, tướng Việt và tướng Pháp kể chuyệ","Như những bài viết của Thủ tướng Phạm Văn Đồng, Đại tướng Võ Nguyên Giáp, một số nhà báo nước ngoài, báo cáo mật của Bộ trưởng Marc Jacquet, Điện Biên Phủ qua phân tích của một sử gia Pháp, hay tướng Pháp… Điện Biên Phủ - Lịch sử và ký ức do Tỉnh ủy Điện Biên, Hội Khoa học lịch sử Việt Nam và Nhà xuất bản Chính Trị Quốc Gia Sự Thật tổ chức biên soạn, nhân kỷ niệm 70 năm Chiến thắng Điện Biên Phủ (7-5-1954 - 7-5-2024). Cuốn sách tuyển chọn các bài viết phân tích, đánh giá sâu sắc về chiến dịch Điện Biên Phủ của các tướng lĩnh có mặt trực tiếp, chỉ huy, tham gia chiến dịch năm ấy, các nhà khoa học, nhà bình luận quân sự, nhà văn, nhà báo ở trong và ngoài nước đã được đăng tải trên các tạp chí Xưa & Nay, Lịch Sử Quân Sự, Lý Luận Chính Trị. Nội dung cuốn sách được kết cấu làm ba phần. Phần thứ nhất: Chiến thắng Điện Biên Phủ - Sáng ngời bản lĩnh và trí tuệ Việt Nam. Trong phần này, ngoài những bài viết của các chuyên gia, nhà sử học, thì còn tập hợp nhiều bài viết đánh giá về trận Điện Biên Phủ của Thủ tướng Phạm Văn Đồng, các tướng lĩnh quân đội như Đại tướng Võ Nguyên Giáp, Thượng tướng Hoàng Minh Thảo, Thượng tướng Nguyễn Huy Hiệu, Trung tướng Búi Công Ái, ông Nguyễn Cơ Thạch… Ngoài ra bạn đọc còn được khám phá ""sự thật về Điện Biên Phủ"" dưới góc nhìn của một chuyên gia nước ngoài, ông Fritz Jensens. Phần thứ hai: Những con người làm nên lịch sử. Bạn đọc sẽ được tìm hiểu về vai trò của ""những con người làm nên lịch sử"", làm lên chiến thắng Điện Biên Phủ. Đầu tiên phải kể đến vai trò của Chủ tịch Hồ Chí Minh, của Đại tướng Võ Nguyên Giáp, Đại tướng Lê Trọng Tấn, tướng Nguyễn Chánh… Và những người làm nên lịch sử không thể thiếu những người lính anh hùng, những hậu phương vững mạnh tiếp lửa cho chiến trường, đặc biệt là nhân dân tỉnh Thanh Hóa, và đồng bào các dân tộc miền núi. Phần thứ ba: Điện Biên Phủ - Những ngày tháng 5 lịch sử. Phần này đặc biệt tập hợp nhiều bài viết của sử gia, nhà văn, nhà báo nước ngoài, đặc biệt là Pháp, viết về Điện Biên Phủ, về linh hồn của trận Điện Biên Phủ - Đại tướng Võ Nguyên Giáp.",12/04/2024 06:16 GMT+7,https://tuoitre.vn/dien-bien-phu-tuong-viet-va-tuong-phap-ke-chuyen-20240411221046409.htm,"Cuốn sách ‘Điện Biên Phủ - Lịch sử và ký ức’ đặc biệt ở chỗ nó không chỉ được ngợi ca bởi các sử gia, tướng lĩnh Việt Nam, mà còn được thừa nhận bởi chính các tướng Pháp, quan chức Pháp và sử gia, nhà báo quốc tế."
27,Nhiều chương trình nghệ thuật đặc sắc tại Lễ hội Làng Se,"Chiều 11-4, tại buổi họp báo về Lễ hội Làng Sen và giải marathon ""Hành trình về Làng Sen"" năm 2024, bà Trần Thị Mỹ Hạnh - giám đốc Sở Văn hóa và Thể thao Nghệ An - cho hay Lễ hội Làng Sen năm nay mặc dù tổ chức quy mô cấp tỉnh nhưng có sự phối hợp của nhiều địa phương, bộ, ngành. Trong đó, tỉnh Nghệ An sẽ phối hợp với Bộ Công an tham gia các tiết mục trong các hoạt động của lễ hội như kèn, kỵ binh, công diễn các vở kịch về Bác Hồ. Về nội dung từng hoạt động tại lễ hội, trong đó lễ khai mạc và bế mạc đang được xây dựng kế hoạch bài bản, công phu với mong muốn tạo dấu ấn và điểm nhấn khác biệt so với các năm trước đó. Bên cạnh đó, nhiều tỉnh, thành khác trên cả nước cũng đề nghị cùng tham gia, phối hợp tổ chức Lễ hội Làng Sen. Trong đó có sự tham gia của TP.HCM trong lễ bế mạc dự kiến sẽ đưa ra quê Bác những tiết mục đặc sắc, ý nghĩa được biểu diễn vào đúng ngày sinh nhật Bác 19-5. Từ năm 1981, một phong trào ca hát về Bác Hồ, về Tổ quốc, về Đảng đã ra đời với tên gọi ""Liên hoan tiếng hát Làng Sen"". Đến năm 2002, Liên hoan tiếng hát Làng Sen được tỉnh Nghệ An nâng lên thành Lễ hội Làng Sen với quy mô cấp tỉnh (tổ chức hằng năm) và toàn quốc (5 năm tổ chức một lần) vào dịp sinh nhật Bác. Ngay từ những năm đầu tổ chức, Lễ hội Làng Sen đã thu hút nhiều tầng lớp nhân dân cả nước, kiều bào nước ngoài, du khách quốc tế hưởng ứng, tham dự.",11/04/2024 21:57 GMT+7,https://tuoitre.vn/nhieu-chuong-trinh-nghe-thuat-dac-sac-tai-le-hoi-lang-sen-20240411212822544.htm,"Lễ hội Làng Sen là hoạt động chính trị, văn hóa có ý nghĩa quan trọng, thể hiện lòng biết ơn, thành kính của nhân dân đối với Chủ tịch Hồ Chí Minh."
