Title,Content,Date,Url,Summary,Unnamed: 0
"Anh xem xét cấm người dưới 16 tuổi dùng smartphone, mạng xã hội","Trong nỗ lực bảo vệ trẻ em trước các nguy cơ trên thế giới ảo, Chính phủ Anh đang xem xét lệnh cấm người dưới 16 tuổi sử dụng mạng xã hội cũng như sở hữu điện thoại thông minh (smartphone). Các đề xuất trên dự kiến sẽ được công bố vào cuối tháng 4 này. Theo báo The Sunday Times, các bậc cha mẹ tại Anh đang được yêu cầu nêu ý kiến về độ tuổi trẻ em được phép truy cập và sử dụng các trang mạng xã hội, trong khoảng từ 13-16 tuổi. Quan điểm về việc có nên cài đặt các biện pháp bảo vệ bổ sung, theo đó cho phép phụ huynh giám sát và kiểm soát quyền truy cập vào các nền tảng mạng xã hội, cũng được đưa ra trong các cuộc tham vấn. Người phát ngôn của Bộ Khoa học, Đổi mới và Công nghệ Anh đã tái khẳng định cam kết của chính phủ trong việc đảm bảo nước Anh có không gian trực tuyến an toàn nhất cho trẻ em. Dù đã thông qua Đạo luật An toàn trực tuyến vào tháng 10 năm ngoái, trong đó yêu cầu các mạng xã hội bảo vệ trẻ em trước nội dung độc hại nếu không muốn bị phạt tối đa 10% doanh thu toàn cầu, Chính phủ Anh vẫn cân nhắc hành động mạnh mẽ hơn. Nhà vận động vì an toàn trẻ em trên mạng Beeban Kidron chỉ ra phần lớn mạng xã hội gây nghiện, chia rẽ và tạo ra mong muốn về những cuộc sống phi thực tế - những yếu tố không phù hợp cho thanh thiếu niên. Song, ông cho rằng không nên loại trừ trẻ em khỏi không gian số, mà nên thiết kế lại để hỗ trợ sự phát triển của đối tượng này.",15/04/2024 13:46 GMT+7,https://tuoitre.vn/anh-xem-xet-cam-nguoi-duoi-16-tuoi-dung-smartphone-mang-xa-hoi-20240415133130484.htm,"Chuyên gia cho rằng phần lớn mạng xã hội gây nghiện, chia rẽ và tạo ra mong muốn về những cuộc sống phi thực tế, không phù hợp cho thanh thiếu niên.",
"CEO Apple Tim Cook đến Việt Nam, tăng khoản chi cho nhà cung cấp địa phương","""Không có nơi nào như Việt Nam, một đất nước sôi động và xinh đẹp"", Tổng giám đốc Apple Tim Cook chia sẻ ngay sau khi đến Việt Nam. Dự kiến ông Tim Cook sẽ gặp một số nhà sáng tạo nội dung và lập trình viên Việt Nam. Ông chia sẻ sự ""hào hứng khi được tới đây kết nối với các sinh viên, nhà sáng tạo và khách hàng, hiểu hơn về sự đa dạng trong cách họ sử dụng sản phẩm của chúng tôi để làm nên những điều phi thường"". Theo thông báo từ Apple, hôm nay 15-4, tập đoàn này sẽ công bố việc tăng cường khoản chi cho nhà cung cấp tại Việt Nam, cùng các tiến triển mới trong sáng kiến hỗ trợ nước sạch cho các trường học địa phương. Cũng theo thông báo, trong năm 2024 này, tập đoàn sẽ mở rộng chương trình đào tạo nghề cho người khuyết tật để thúc đẩy sự hòa nhập, mang đến cơ hội lớn hơn cho họ trong chuỗi cung ứng. Apple cũng sẽ tiếp tục mở rộng các chương trình trong Quỹ phát triển nhân viên của nhà cung cấp trị giá 50 triệu USD, khi tập đoàn tăng cường khoản đầu tư cho các nhà cung cấp Việt Nam. Nói thêm về chuyến đi đến Việt Nam, ông Tim Cook chia sẻ Apple luôn nỗ lực xây dựng những mối liên kết sâu sắc và mang đến nhiều lợi ích hơn cho người dân ở nơi tập đoàn này hoạt động. Trong đó có việc hợp tác với các nhà cung cấp địa phương, hỗ trợ các dự án cung cấp nước sạch và các cơ hội giáo dục khác. ""Chúng tôi cam kết sẽ tiếp tục tăng cường các kết nối tại Việt Nam"", ông Tim Cook khẳng định. Ông Tim Cook gia nhập Apple từ tháng 3-1998 và được bổ nhiệm làm CEO tập đoàn từ năm 2011. Kể từ đó, tập đoàn đã phát triển ngày càng mạnh mẽ, với doanh thu và lợi nhuận tăng gấp đôi trong giai đoạn từ năm 2011 đến 2020. Apple bắt đầu hoạt động tại Việt Nam từ hơn một thập kỷ trước và hiện đang hỗ trợ hơn 200.000 việc làm trên cả nước thông qua hình thức việc làm trực tiếp, chuỗi cung ứng và các ứng dụng iOS. Dưới thời của ông Tim Cook, Apple đã chi gần 400.000 tỉ đồng kể từ năm 2019, thông qua chuỗi cung ứng địa phương và tăng hơn gấp đôi mức chi hằng năm cho Việt Nam trong cùng kỳ. Theo danh sách các nhà cung cấp toàn cầu được Apple công bố, có khoảng 25 nhà cung cấp của tập đoàn này đã hiện diện tại Việt Nam. Có thể kể ra một số cái tên lớn cung ứng cho Apple đã đến Việt Nam như Foxconn, Luxshare, Goertek... với 27 cơ sở sản xuất đặt tại 13 tỉnh. Cũng tại Việt Nam, Apple đã hợp tác với tổ chức nước sạch toàn cầu Gravity Water để lắp đặt hệ thống trữ nước mưa tiên tiến tại các trường học ở tỉnh Hòa Bình. Với sự hỗ trợ của Apple, tổ chức này đang trên đà đạt được mục tiêu tiếp cận 131 trường học vào cuối tháng 4 này. Khoảng 42.000 học sinh và gia đình cũng như giáo viên sẽ được hưởng lợi từ sự hợp tác giữa Apple với Gravity Water. Ngoài nước sạch, tập đoàn này còn nỗ lực đưa năng lượng sạch đến các trường học ở vùng nông thôn Việt Nam thông qua sáng kiến Power for Impact. Apple đang hợp tác với TRE Foundation để lắp đặt hệ thống pin năng lượng mặt trời tại 20 trường học ở vùng nông thôn Việt Nam, đồng thời hỗ trợ chương trình giảng dạy cho trẻ em về phát triển bền vững và STEM.",15/04/2024 10:41 GMT+7,https://tuoitre.vn/ceo-apple-tim-cook-den-viet-nam-tang-khoan-chi-cho-nha-cung-cap-dia-phuong-20240415101530451.htm,"CEO Apple Tim Cook đã đến Việt Nam, nơi ông chia sẻ là một đất nước ""sôi động, xinh đẹp"". Apple dự kiến công bố tăng các khoản chi cho các nhà cung cấp Việt Nam nhân dịp này.",
"Khốc liệt cuộc chiến gói cước, data","Khi Internet đã trở thành thiết yếu và giá không còn là yếu tố quyết định, chất lượng dịch vụ và chăm sóc khách hàng trở thành cuộc chiến lớn của các nhà mạng. Tặng camera, cho trải nghiệm tốc độ tối đa Mới đây, nhà mạng Viettel gây sốc khi công bố tặng camera an ninh miễn phí cho toàn bộ khách hàng dùng dịch vụ Internet cáp quang của mình. Không chỉ một, mỗi hợp đồng được tặng đến hai camera. Tất nhiên, không có ""bữa ăn"" nào miễn phí hoàn toàn, khách hàng cả mới lẫn đang dùng phải đáp ứng một số điều kiện hoặc mua thêm gói dịch vụ ""ăn theo"" camera. Cụ thể theo Viettel, khách hàng hòa mạng mới phải đóng cước trước từ sáu tháng trở lên và cam kết dùng dịch vụ tối thiểu 24 tháng - nhằm giữ chân khách hàng lâu dài. Còn khách hàng đang sử dụng dịch vụ phải đăng ký thêm gói đám mây (Cloud) từ 40.000 đồng/camera/tháng (trong 24 tháng) mới được hưởng ưu đãi. Dịch vụ Cloud đi kèm giúp khách hàng lưu trữ (không giới hạn dung lượng) và xem lại (không giới hạn số lần) các đoạn video từ camera an ninh. Nhà mạng FPT dùng ""chiêu độc"" khi cho mọi khách hàng đang dùng dịch vụ Internet được trải nghiệm tốc độ kết nối đến 1.000 Mbps hoàn toàn miễn phí. Điều kiện đơn giản là người dùng sử dụng ứng dụng quản lý kết nối Internet Hi FPT và điểm danh mỗi ngày để được hưởng ưu đãi. ""Chỉ cần vào ứng dụng Hi FPT bấm ""Điểm danh"" tại màn hình Game, tốc độ đường truyền Internet tại nhà khách hàng ngay lập tức sẽ được đẩy lên tối đa để trải nghiệm trong vòng 24 giờ. Sau đó, ứng dụng sẽ có thông báo để khách hàng biết và tiếp tục vào điểm danh tham gia chương trình"", đại diện FPT hướng dẫn. Cũng theo FPT, chương trình đã lập tức thu hút hơn 30.000 người dùng tham gia chỉ sau ba ngày triển khai. Bên cạnh ưu đãi cho khách hàng trải nghiệm tốc độ kết nối Internet tối đa, nhà mạng này còn cho biết đã triển khai công nghệ WiFi 6 tiên tiến nhất giúp người dùng có cơ hội dễ dàng trải nghiệm kết nối tốc độ cao, độ trễ thấp, vùng phủ rộng so với công nghệ WiFi thông thường... Trong khi đó, nhà mạng VNPT tung chiêu tặng thiết bị WiFi Mesh cho khách hàng dùng dịch vụ Internet của mình. Đây là loại thiết bị giúp gia tăng vùng phủ sóng WiFi trong nhà, đảm bảo duy trì tốc độ kết nối Internet cao đối với các ngôi nhà có diện tích rộng, nhiều tầng, nhiều tường vách ngăn cản. Cùng với tặng thiết bị, khách hàng còn được sử dụng thêm nhiều dịch vụ kết hợp. Chẳng hạn, gói cước Home Mesh 2+ tổng hợp nhiều dịch vụ và ưu đãi cho gia đình có giá chỉ từ 197.000 đồng/tháng. Theo đại diện VNPT, khách hàng đăng ký gói cước này, bên cạnh việc được trang bị thiết bị WiFi Mesh còn được một combo (nhiều sản phẩm kết hợp) gồm: dịch vụ Internet tốc độ từ 150 Mbps, dịch vụ truyền hình MyTV 180 kênh, dịch vụ Greennet giúp chặn lọc web độc hại... Cho mua thêm băng thông, gói cước theo nhu cầu Theo thống kê vừa công bố tháng 1-2024 của Tổ chức We Are Social, Việt Nam có 78,44 triệu người dùng Internet (tổng số dân là khoảng 100 triệu người). Trong đó, 37,9% người dùng Internet Việt Nam cho biết mục đích lên mạng là để chơi game. Game cũng là một trong những loại hình website hoặc app được người dùng Việt truy cập nhiều nhất với tỉ lệ 37,1%. Còn theo báo cáo Newzoo 2022, Việt Nam là nước đứng thứ 3 Đông Nam Á về số lượng người chơi game di động với 54,6 triệu người chơi. Những người chơi game đã trở thành một đối tượng tiêu dùng rất lớn trong nhu cầu kết nối Internet. Nhắm đến cộng đồng game thủ này, nhà mạng FPT vừa tung ra gói cước F-Game với ưu điểm là mở băng thông không giới hạn, tích hợp công nghệ WiFi 6 cho tốc độ truyền tải băng thông từ 600Mbps, gấp 4 lần tốc độ WiFi 5 thông thường, độ trễ trung bình giảm xuống 50%... Nhắm đến nhu cầu sử dụng Internet linh hoạt theo thời điểm của người dùng, nhà mạng Viettel vừa tung ra tính năng cho phép khách hàng có thể mua gói băng thông Internet cố định theo ngày, giống như dịch vụ Internet di động. Chẳng hạn, người dùng đang sử dụng gói cước có tốc độ 150Mbps có thể đăng ký mua thêm 50Mbps để có tốc độ trong thời gian mua thêm là 200Mbps. Tính năng này phù hợp với những khách hàng là hộ gia đình đang sử dụng các đường truyền Internet tốc độ thấp chưa kịp chuyển đổi gói băng thông tốc độ cao, hoặc doanh nghiệp có nhu cầu băng thông cao hơn nữa vào những thời điểm cần thiết như: họp trực tuyến, truyền tải dữ liệu dung lượng lớn, tổ chức sự kiện... theo nhu cầu đột xuất hoặc định kỳ tại một thời điểm. Đại diện Viettel cho biết: ""Ưu điểm của tính năng này là khách hàng có thể chủ động nâng tốc độ đường truyền mọi lúc mọi nơi, sử dụng băng thông cao theo các gói ngắn hạn, chi trả cước phí theo nhu cầu tại các thời điểm cụ thể, đăng ký và thanh toán online rất thuận tiện cho khách hàng"".",15/04/2024 09:37 GMT+7,https://tuoitre.vn/khoc-liet-cuoc-chien-goi-cuoc-data-20240414231128712.htm,"Không chỉ đua thu hút khách hàng mới, các nhà mạng còn tung nhiều 'chiêu độc' nhằm giữ chân khách hàng đang sử dụng gói cước di động cũng như Internet cố định.",0.0
Triển khai 'Trường học số Google,"Hội nghị do Công ty Cổ phần Công nghệ MegaEdu, Công ty Cổ phần Cổ phần giáo dục iSMART và Công ty AI Education - Đại diện chính thức của Google for Education tại Việt Nam phối hợp tổ chức. Hội nghị có sự tham gia của đại diện lãnh đạo Sở Giáo dục và Đào tạo TP HCM; lãnh đạo các Phòng Giáo dục Quận, Huyện, Phòng Giáo dục TP Thủ Đức; và đại diện lãnh đạo các công ty MegaEdu, iSMART và AI Education. Đây cũng là sự kiện đánh dấu sự hợp tác giữa các đơn vị nêu trên trong việc triển khai giải pháp Trường học số Google - mô hình lớp học thông minh cung cấp đồng thời cả trang thiết bị, nền tảng hỗ trợ dạy và học cùng kho học liệu số phong phú. Ưu điểm của Trường học số Giải pháp Trường học số Google kết hợp với MegaEdu cho phép giáo viên thực hiện các hoạt động dạy và học trên không gian số một cách an toàn và bảo mật; tích hợp các công nghệ mới nhất giúp quản lý lộ trình học tập của học sinh, cá nhân hoá việc dạy và học.  Cùng với đó, chương trình hỗ trợ tập huấn sẽ giúp nâng cao kỹ năng thích ứng với công nghệ số của giáo viên, nhân viên nhà trường. Từ đó, hình thành đội ngũ cán bộ nòng cốt, tiếp tục lan tỏa kinh nghiệm chuyển đổi số trong dạy học, tự đào tạo trong nội bộ nhà trường. Ưu điểm vượt trội của Trường học số Google là có sẵn kho học liệu số với hơn 5.000 bài giảng đa dạng các môn học xuyên suốt từ lớp 1 đến lớp 12, theo khung chương trình của Bộ Giáo dục và Đào tạo do MegaEdu xây dựng.  MegaEdu sử dụng phương pháp microteaching (dạy học vi mô) với các bài tập chú trọng tính tương tác giúp học sinh hứng thú và thúc đẩy khả năng tự học của các em.  Song song đó, hệ thống học liệu này cũng hỗ trợ đắc lực cho các giáo viên trong việc soạn giáo án, chuẩn bị bài, làm báo cáo… tiết kiệm được thời gian từ 1-5 tiếng mỗi ngày. ""Có ý kiến cho rằng, lớp học thông minh chỉ đơn giản là mua thêm những chiếc máy tính, laptop bỏ vào trong các lớp học. Tuy nhiên, chi phí cho các thiết bị này sẽ là một khoản đầu tư vô nghĩa nếu không biết phải ứng dụng cụ thể như thế nào trong tổ chức giảng dạy và học tập. Đây là lý do MegaEdu hợp tác với AI Education để mang đến mô hình lớp học thông minh hoàn chỉnh như Trường học số Google.  Bên cạnh trang thiết bị, công cụ hỗ trợ dạy và học, kho học liệu phong phú… MegaEdu còn phát triển MegaG, là công cụ độc quyền giúp tích hợp nội dung số vào Google Classroom. Với MegaG giáo viên có thể tải toàn bộ nội dung học liệu số lên Google Classroom chỉ với một vài thao tác đơn giản và kiểm soát được thời gian học sinh truy cập học liệu."", ông Trần Trọng Nghĩa - Giám đốc Điều hành MegaEdu - chia sẻ. Vào ngày 5-4, tại Hà Nội cũng đã diễn ra sự kiện ký kết hợp tác triển khai Trường học số Google tại khu vực phía Bắc giữa MegaEdu, iSMART Hà Nội và AI Education - Đại diện chính thức của Google for Education tại Việt Nam. Những đơn vị tiên phong MegaEdu là một hệ sinh thái bao gồm các giải pháp chuyển đổi số phục vụ ngành Giáo dục. Với khả năng kết nối, tương tác và hỗ trợ tuần hoàn giữa các hệ thống quản lý trường học (SIS), quản lý học tập (LMS) và khảo thí trực tuyến (Online Testing), MegaEdu giúp nhà trường, thầy cô, học sinh và phụ huynh tiếp cận dễ dàng với công nghệ hiện đại nhằm nâng cao chất lượng đào tạo, tối ưu hoá việc dạy và học. iSMART là đơn vị tiên phong trong việc cung cấp các giải pháp giáo dục tiên tiến, ứng dụng công nghệ hiện đại tại Việt Nam. Với hệ thống bài giảng số iDIGI được xây dựng theo định hướng Khung Chương trình 2018 của Bộ Giáo dục và Đào tạo, iSMART đã và đang triển khai bài giảng số trong công tác dạy và học tại hơn 500 trường Tiểu học, Trung học Cơ sở trên toàn quốc.  Đây là nền tảng để iSMART có thể đồng hành cùng Google, đưa trường học số Google đến rộng rãi giáo viên và học sinh một cách hiệu quả, góp phần vào mục tiêu chuyển đổi số của ngành giáo dục. Bài giảng số của iSMART được xây dựng dựa trên nền tảng của MegaEdu. Đây là hai đơn vị thuộc khối EdTech của Tập đoàn Giáo dục EQuest - một trong những Tổ chức giáo dục lớn nhất Việt Nam với 24 thành viên và hơn 362.000 học viên theo học mỗi năm.  Tháng 6-2022, Tập đoàn Giáo dục EQuest được Tổ chức Kiểm định Cognia (Mỹ) công nhận đạt kiểm định chất lượng toàn diện. KKR - công ty đầu tư hàng đầu thế giới đã 2 lần đầu tư vào EQuest với 220 triệu USD (tháng 5/2021 và tháng 5/2023). Trong khi đó AI Education là đối tác được ủy quyền triển khai chính thức của Google for Education tại Việt Nam trong việc tư vấn và cung cấp các giải pháp Google Workspace for Education dành riêng cho lĩnh vực giáo dục và đào tạo.",14/04/2024 21:00 GMT+7,https://tuoitre.vn/trien-khai-truong-hoc-so-google-20240413171615.htm,"Ngày 10-4, hội nghị 'Giải pháp Chuyển đổi số trong công tác giảng dạy và đánh giá hiệu quả học tập' đã diễn ra tại TP HCM.",1.0
Trung Quốc phát triển thành công vòi rồng thông minh được điều khiển bằng AI,"Theo báo South China Morning Post, các nhà nghiên cứu Trung Quốc vừa phát minh ra vòi rồng thông minh điều khiển bằng trí tuệ nhân tạo (AI), giúp họ có thể bắn trúng mục tiêu với sai số chỉ 2m trong điều kiện thời tiết khắc nghiệt. Vòi rồng thông minh do các nhà nghiên cứu ở Viện Nghiên cứu thiết bị động cơ điện hàng hải Vũ Hán phát minh. Thiết bị mới có thể tự động xác định mục tiêu, tự động điều chỉnh công suất cũng như quỹ đạo phản lực của dòng nước dựa trên thiết bị đo thời gian thực từ camera quang điện. Vòi rồng này cũng được trang bị thiết bị cảm biến để ghi nhận hướng xoay của tàu, từ đó giúp tự động thay đổi các thông số của dòng nước phun ra từ vòi. Hơn nữa, vòi rồng thông minh mới cũng cải thiện độ chính xác từ 33 đến 54% so với vòi rồng thông thường. Trong các thí nghiệm mới nhất, vòi rồng này có thể bắn trúng mục tiêu trên mặt nước nằm cách vòi rồng khoảng 2m trong điều kiện biển động, sóng cao 4m và gió lớn. Các nhà nghiên cứu Trung Quốc nhận định đây chính là bước đột phá giúp đưa loại “vũ khí không chết người” này lên một tầm cao mới. Họ cũng cho rằng công cụ thông minh mới này sẽ có thể trở thành trợ thủ đắc lực giúp Trung Quốc chiếm ưu thế ở khu vực Biển Đông. Vòi rồng là một thiết bị được điều khiển bởi máy bơm nước áp suất cao để tạo ra dòng nước có lực mạnh, tốc độ cao. Một vòi rồng mạnh có thể tấn công các mục tiêu nằm cách nó 100m, tạo ra áp suất hơn 1,2 megapascal. Nếu so sánh với sức chịu đựng của con người thì áp lực này tương ứng với một con voi châu Phi giẫm lên một người đàn ông trưởng thành. Ngoài vòi rồng thông minh, Trung Quốc trước đó đã phát triển thành công tàu sân bay có máy phóng điện tử, tên lửa chống hạm siêu thanh, hệ thống tác chiến điện tử công suất cực cao và một số thiết bị tiên tiến khác. Các phát minh ứng dụng trong lĩnh vực hàng hải của Trung Quốc được công bố trong bối cảnh căng thẳng ở khu vực Biển Đông đặc biệt leo thang sau các sự cố va chạm tàu và phun vòi rồng những tháng qua. Trung Quốc đã đơn phương tuyên bố yêu sách chủ quyền gần như toàn bộ với Biển Đông, bất chấp sự phản đối của nhiều nước, trong đó có Philippines và Mỹ.",14/04/2024 17:07 GMT+7,https://tuoitre.vn/trung-quoc-phat-trien-thanh-cong-voi-rong-thong-minh-duoc-dieu-khien-bang-ai-20240414164950929.htm,Các nhà nghiên cứu Trung Quốc phát triển thành công vòi rồng thông minh đầu tiên trên thế giới được điều khiển bằng trí tuệ nhân tạo (AI).,2.0
"TP.HCM đề nghị Google cấp 5 triệu tài khoản miễn phí cho học sinh, giáo viên","Ngày 13-4, tại hội thảo ""Chuyển đổi số giáo dục với dữ liệu và AI: Giải pháp từ Google for Education"", ông Hồ Tấn Minh - chánh văn phòng Sở Giáo dục và Đào tạo TP.HCM - đã đề nghị Google hỗ trợ 5 triệu tài khoản miễn phí cho giáo viên, học sinh trên địa bàn. Việc này giúp ngành giáo dục thành phố có nguồn dữ liệu đồng bộ để hỗ trợ việc dạy và học. Khi giáo viên, học sinh có tài khoản Google sẽ giúp ngành giáo dục xây dựng hệ sinh thái dữ liệu đầy đủ, thống nhất. Học sinh sẽ được đăng nhập vào các công cụ của Google để hỗ trợ việc học. Trường hợp các em sử dụng Internet nhưng dồn quá nhiều thời gian vào giải trí, truy cập vào các kênh không lành mạnh cũng sẽ được cảnh báo. Giáo viên cũng nhờ vào những công cụ này để xây dựng bài giảng sinh động hơn. Theo ông Minh, sở sẽ phối hợp Google phân tích, đánh giá, cá nhân hóa dữ liệu trên để đưa ra những định hướng cho ngành giáo dục trong tương lai. Tại hội thảo, cộng đồng Google Educator Việt Nam - nơi kết nối các nhà giáo dục tiên phong trong việc ứng dụng công nghệ Google vào giảng dạy - cũng được ra mắt.  Hiện có hơn 300 thành viên đến từ 8 tỉnh, thành trên cả nước, cộng đồng hướng đến mục tiêu chia sẻ kinh nghiệm, học hỏi lẫn nhau và cùng nhau phát triển, đặc biệt chia sẻ các sáng kiến giảng dạy và các bài tập ứng dụng thực tế.  Mặt khác, hỗ trợ lẫn nhau trong việc ứng dụng công nghệ và trí tuệ nhân tạo vào giảng dạy, cập nhật thông tin mới nhất về các giải pháp mà Google for Education đang phát triển liên tục.",13/04/2024 19:11 GMT+7,https://tuoitre.vn/tp-hcm-de-nghi-google-cap-5-trieu-tai-khoan-mien-phi-cho-hoc-sinh-giao-vien-20240413184445405.htm,"Sở Giáo dục và Đào tạo TP.HCM đề nghị Google cấp 5 triệu tài khoản miễn phí cho học sinh, giáo viên để hỗ trợ việc dạy và học.",
"Trao giải thưởng Sao Khuê năm 2024 cho 169 sản phẩm, dịch vụ công ngh","Ngày 13-4, tại Hà Nội, Hiệp hội Phần mềm và Dịch vụ công nghệ thông tin Việt Nam (VINASA) đã trao Giải thưởng Sao Khuê 2024 cho 169 sản phẩm dịch vụ công nghệ thông tin của 117 doanh nghiệp công nghệ. Theo ban tổ chức, doanh thu năm 2023 của 169 sản phẩm, dịch vụ công nghệ thông tin này đạt trên 73.000 tỉ đồng, tương đương 3 tỉ USD, chiếm gần 30% doanh thu của toàn ngành phần mềm và dịch vụ công nghệ thông tin Việt Nam năm 2023. Chủ tịch VINASA Nguyễn Văn Khoa cho biết gắn với định hướng chuyển đổi số cho năm 2024 của Chính phủ, giải thưởng Sao Khuê năm 2024 được VINASA chia thành tám nhóm lĩnh vực gắn với các mục tiêu phát triển công nghệ số, chính quyền số, nền kinh tế số, xã hội số… của đất nước gồm Chính phủ, chính quyền, khu vực công, cộng đồng và người dân, quản trị doanh nghiệp, kinh tế - công nghiệp, thị trường - tiêu dùng, hạ tầng - công nghệ số, đổi mới sáng tạo và dịch vụ số. Phát biểu tại lễ trao giải thưởng, Thứ trưởng Bộ Thông tin và Truyền thông Bùi Hoàng Phương cho biết trong hơn 20 năm hình thành và phát triển, ""Giải thưởng Sao Khuê không chỉ vinh danh các sản phẩm, dịch vụ xuất sắc mà còn kể những câu chuyện truyền cảm hứng cho cộng đồng, doanh nghiệp, góp phần phát triển ngành công nghiệp ICT Việt Nam"". Thúc đẩy nghiên cứu, phát triển và ứng dụng mạnh mẽ AI Trong số những sản phẩm, dịch vụ được nhận Giải thưởng Sao Khuê 2024 có đến hơn 90% các sản phẩm, dịch vụ đã được tích hợp các ứng dụng trí tuệ nhân tạo (AI) để hỗ trợ các doanh nghiệp, tổ chức, người dân. Giải thưởng Sao Khuê năm nay cũng ghi nhận 33 sản phẩm, giải pháp đổi mới sáng tạo áp dụng công nghệ AI, điện toán đám mây, 3D, Big Data (dữ liệu lớn). Không chỉ mang lại sự bùng nổ ứng dụng AI trong các lĩnh vực kinh tế, xã hội, phục vụ chính quyền, người dân và doanh nghiệp, giúp tối ưu hóa nguồn lực, tăng hiệu quả hoạt động của tổ chức và năng suất lao động, điều này còn giúp các doanh nghiệp công nghệ số Việt Nam thuận lợi trong công cuộc Go Global. Khẳng định AI là công nghệ quan trọng nhất ở giai đoạn hiện nay và ngành thông tin và truyền thông đang tăng cường cung cấp, phổ cập ứng dụng AI trong năm 2024, Thứ trưởng Bùi Hoàng Phương cho biết Bộ Thông tin và Truyền thông sẵn sàng hỗ trợ, tạo điều kiện thuận lợi các doanh nghiệp tại Việt Nam thúc đẩy quá trình tích hợp trí tuệ nhân tạo trong tương lai. Ông Nguyễn Văn Khoa, chủ tịch VINASA, kỳ vọng Sao Khuê những năm tới ""sẽ được thấy những nền tảng, dịch vụ, giải pháp xuất sắc về bán dẫn, chuyển đổi số - xanh, tạo ra một kỳ tích phát triển mới của ngành, góp phần tạo ra kỳ tích tăng trưởng mới cho Việt Nam"". Bởi theo ông Khoa, ""trong sự phát triển của ngành công nghiệp bán dẫn toàn cầu, Việt Nam là quốc gia được chọn cho chiến lược phát triển sắp tới với ưu thế lớn về nhân lực và địa chính trị. Những doanh nghiệp công nghệ số đang đứng trước những cơ hội rất lớn…"".",13/04/2024 17:03 GMT+7,https://tuoitre.vn/trao-giai-thuong-sao-khue-nam-2024-cho-169-san-pham-dich-vu-cong-nghe-20240413163116273.htm,"169 sản phẩm, dịch vụ công nghệ thông tin tiêu biểu, tạo ra doanh thu hơn 3 tỉ USD, đã được trao giải thưởng Sao Khuê năm 2024.",3.0
Ông Biden bị chỉ trích khi Huawei ra mắt laptop có chip AI của Inte,"Huawei đã nằm trong danh sách hạn chế thương mại của Mỹ từ năm 2019, với cáo buộc vi phạm lệnh trừng phạt lên Iran. Việc nằm trong danh sách này đồng nghĩa Huawei rất khó mua công nghệ Mỹ hoặc làm ăn với các đối tác cung cấp từ Mỹ, phải xin giấy phép phức tạp trước khi giao hàng. Vào năm 2020, Huawei vẫn có hợp đồng với công ty Mỹ Intel để dùng chip cho laptop. Những người theo đường lối cứng rắn ở Mỹ thúc giục Tổng thống Biden thu hồi giấy phép ấy. Trong khi đó, một số người khác cho rằng đây là việc làm không cần thiết, vì giấy phép của Huawei sắp hết hạn cuối năm nay và chỉ cần không cấp mới. Trên thực tế, kể cả trong mắt giới quan sát trung lập, hạn chế dành cho Huawei là một phần trong những quy định nghiêm ngặt đối với các công ty Trung Quốc nhằm phục vụ cuộc cạnh tranh công nghệ Mỹ - Trung. Tuy nhiên, một năm có vẻ là quá đủ. Hôm 11-4, Huawei giới thiệu laptop đầu tiên sử dụng trí tuệ nhân tạo (AI). Dòng MateBook X Pro này dùng bộ xử lý Core Ultra 9 do Intel phát triển. Theo Reuters, chiếc máy tính của Huawei đã khiến nghị sĩ Mỹ bên Đảng Cộng hòa tức giận và sốc, cho đây là bằng chứng cho thấy Bộ Thương mại Mỹ đã ""phê duyệt việc chuyển chip mới cho Huawei"". ""Một trong những bí ẩn lớn nhất ở thủ đô Washington là tại sao Bộ Thương mại tiếp tục cho phép công nghệ Mỹ chuyển tới Huawei"", nghị sĩ đảng Cộng hòa Michael Gallagher, chủ tịch Ủy ban phụ trách Trung Quốc ở Hạ viện, nói với Reuters. Reuters cũng dẫn các nguồn thạo tin nói chip xử lý của Huawei được chuyển theo giấy phép có sẵn, không nằm trong diện hạn chế về vận chuyển chip AI cho Trung Quốc. Phản ứng của các nghị sĩ Mỹ cho thấy áp lực ngày càng tăng lên chính quyền ông Biden về việc ngăn Huawei trỗi dậy. Đã 5 năm từ lúc nằm trong danh sách hạn chế thương mại của Mỹ, Huawei vẫn tiếp tục phát triển công nghệ mạnh mẽ. Reuters lưu ý hồi tháng 8 năm ngoái, công ty này từng gây sốc cho thế giới khi giới thiệu chiếc điện thoại mới dùng chip hiện đại do Công ty SMIC phát triển, dù công ty này cũng thuộc diện bị trừng phạt.",13/04/2024 10:35 GMT+7,https://tuoitre.vn/ong-biden-bi-chi-trich-khi-huawei-ra-mat-laptop-co-chip-ai-cua-intel-20240413100946338.htm,Nghị sĩ Mỹ bên phe Cộng hòa chỉ trích chính quyền Tổng thống Joe Biden sau khi công ty Trung Quốc Huawei ra mắt máy tính xách tay (laptop) dùng chip AI của một công ty Mỹ như Intel.,5.0
Công tố viên Úc hủy vụ kiện của tỉ phú Andrew Forrest với 'gã khổng lồ' Met,"Ngày 12-4, các công tố viên Úc đã ngừng quá trình tố tụng hình sự trong vụ kiện của tỉ phú khoáng sản Úc Andrew Forrest đối với Tập đoàn Meta của Mỹ, theo Hãng tin Reuters. Quyết định này là bước lùi đối với ông Forrest, khi ông muốn bắt Meta phải chịu trách nhiệm về tình trạng hàng ngàn quảng cáo có nội dung lừa đảo về tiền điện tử trên mạng xã hội Facebook sử dụng hình ảnh của ông. Người phát ngôn của Cơ quan công tố liên bang Úc giải thích cơ quan này nhận thấy không có đủ bằng chứng để tiếp tục quá trình tố tụng trong vụ kiện trên, nhưng không nêu chi tiết. Đáp lại, ông Forrest nói quyết định bác bỏ vụ kiện là một ""thảm họa đối với những bậc cha mẹ và ông bà vô tội, những người đã mất tiền tiết kiệm cả đời của mình"". Ông tố Meta vi phạm luật chống rửa tiền của Úc khi cho phép những kẻ lừa đảo bên thứ ba sử dụng phần mềm và nền tảng của họ để quảng cáo các chương trình tiền điện tử giả mạo có hình ảnh của ông. Ông cho rằng điều này khiến mọi người hiểu lầm rằng ông ủng hộ những quảng cáo lừa đảo đó. Trong đơn kiện, ông Forrest nêu rõ vào năm 2019, Meta đã hứa sẽ gỡ bỏ các quảng cáo lừa đảo có hình ảnh của ông. Tuy nhiên các quảng cáo đó vẫn tiếp tục xuất hiện đối với người dùng Facebook ở Úc, dẫn đến tổn thất nặng nề cho những người bị lừa. Ông Andrew Forrest hiện là chủ sở hữu 37% cổ phần công ty khai thác mỏ Fortescue (Úc) và là người giàu thứ hai nước Úc. Hiện tại ông Forrest cũng theo đuổi một vụ kiện dân sự khác đối với Meta liên quan đến các quảng cáo ở bang California (Mỹ). Tỉ phú Forrest khẳng định sẽ tiếp tục theo đuổi vụ kiện này. Về phía Meta, người phát ngôn của ""gã khổng lồ"" công nghệ này cho biết họ không mong muốn có các vụ lừa đảo trên nền tảng của mình. Meta cam kết sẽ không ngừng nỗ lực ngăn chặn những hành vi như vậy và bảo vệ người dùng. Meta lập luận luật pháp Mỹ miễn trách nhiệm cho các nền tảng Internet về những nội dung do bên thứ ba đăng tải và tìm cách bác bỏ vụ kiện của ông Forrest. Tuy nhiên, ông Forrest cho rằng lập luận của Meta vô giá trị (ở Úc), bởi lẽ luật pháp Mỹ chỉ có thể áp dụng bên trong nước Mỹ.",12/04/2024 21:08 GMT+7,https://tuoitre.vn/cong-to-vien-uc-huy-vu-kien-cua-ti-phu-andrew-forrest-voi-ga-khong-lo-meta-20240412202132294.htm,"Quyết định của công tố viên Úc là bước lùi đối với tỉ phú Andrew Forrest, khi ông muốn bắt Meta (Facebook) phải chịu trách nhiệm về hàng ngàn quảng cáo lừa đảo sử dụng hình ảnh của ông.",6.0
"Đừng đụng vào thông báo ‘Xác minh ID Apple’, coi chừng bị chiếm luôn tài khoản ngân hàng?","Theo ghi nhận của Tuổi Trẻ Online, rất nhiều trang thông tin, fanpage trên Facebook đang lan truyền thông điệp cảnh báo người dùng điện thoại iPhone nói riêng, thiết bị chạy hệ điều hành iOS nói chung, về thông báo yêu cầu xác minh ID Apple xuất hiện trên màn hình. Người dùng iPhone hoang mang Theo đó, các cảnh báo cho rằng thông báo yêu cầu xác minh ID Apple (tài khoản đăng ký người dùng Apple) là nhằm chiếm đoạt tài khoản người dùng. Tức người dùng đồng ý xác thực và cung cấp thông tin theo hướng dẫn sẽ bị chiếm tài khoản điện thoại. Nhiều cảnh báo còn cho biết người dùng có thể bị chiếm luôn cả tài khoản ngân hàng.  Vụ việc khiến nhiều người dùng hoang mang lo lắng cho các tài khoản trên điện thoại iPhone cũng như các tài khoản ngân hàng, mạng xã hội, email trên điện thoại. Trao đổi với Tuổi Trẻ Online, ông Vũ Ngọc Sơn - giám đốc công nghệ Công ty an ninh mạng NCS - khẳng định: “Đây là một thông báo giả gây hoang mang cho người dùng iPhone”. Cụ thể, ông Sơn cho biết thông báo giả này đưa ra cùng lúc với thông tin từ Apple cảnh báo người dùng iPhone tại hơn 90 quốc gia về các cuộc tấn công phần mềm gián điệp có chủ đích, nên khiến rất nhiều người tin đó là thật. “Tuy nhiên, các cuộc tấn công mà Apple cảnh báo không liên quan gì đến thông báo 'Xác minh ID Apple' cả”, ông Sơn chia sẻ. Vị chuyên gia giải thích thêm rằng hình thức tấn công người dùng iPhone thông qua các lỗ hổng mà Apple đang cảnh báo đã được nhắc đến nhiều trước đây, nổi tiếng nhất là các mã độc Pegasus khai thác lỗ hổng trong iMessage trên iPhone. “Cho đến thời điểm hiện tại, các chuyên gia đều chưa ghi nhận vụ tấn công nào thông qua việc hiện thông báo 'Xác minh ID Apple' như vậy. Mọi người cần hết sức cảnh giác, không nên chia sẻ những thông tin chưa được kiểm chứng”, ông Sơn khuyến cáo. Trao đổi với Tuổi Trẻ Online sáng 12-4, đại diện hệ thống bán lẻ FPT Shop cho biết “chưa ghi nhận trường hợp nào khách hàng hỏi về thông báo này”. Hệ thống Di Động Việt cũng nói hiện tại chưa ghi nhận trường hợp người dùng bị tấn công bởi các mã độc và cần được hỗ trợ. “Đối với thông tin trên, hiện nay trung tâm bảo hành ủy quyền Apple CareS chưa có thông báo chính thức. Có thể đây chỉ là thông tin lan truyền không chính xác, gây hoang mang không cần thiết cho người dùng.  Người dùng tạm thời không nên lan truyền thông tin này khi chưa có thông báo chính thức từ hãng hay các trung tâm bảo hành của hãng”, ông Nguyễn Lạc Huy, đại diện hệ thống bán lẻ CellphoneS (vừa được Apple nâng cấp lên hạng tier 1, đại lý ủy quyền cấp 1 - cấp cao nhất của Apple), chia sẻ. Hai cảnh báo không liên quan nhau Trước đó, Hãng Apple đã gửi cảnh báo tới người dùng iPhone tại 92 quốc gia về nguy cơ trở thành mục tiêu của các cuộc tấn công bằng phần mềm gián điệp. Trong nội dung cảnh báo, Apple cho biết đã phát hiện người dùng đang trở thành mục tiêu của một cuộc tấn công mã độc nhằm chiếm quyền điều khiển từ xa iPhone có liên kết với Apple ID của họ. Chỉ ít lâu sau thông báo này, trên mạng xuất hiện cảnh báo 'Xác minh ID Apple', do vậy đã khiến nhiều người dùng Việt hoang mang. Tuy nhiên, các chuyên gia an ninh mạng khẳng định hai vụ việc không hề liên quan đến nhau. Trước thông tin nhiều người dùng cho biết nhận thông báo xác minh ID Apple nhưng lại là email của một người lạ, nhiều chuyên gia an ninh mạng cho rằng cần phải xem xét từng trường hợp cụ thể. Theo các chuyên gia, thông báo xác thực tài khoản Apple ID thường xảy ra khi người dùng tải ứng dụng, nâng cấp hoặc thay đổi thiết lập nào đó. Nó cũng có thể xảy ra khi nhiều người dùng iPhone đã xài chung tài khoản các dịch vụ trả phí với người khác. Đó là chưa kể nhiều trường hợp người dùng mua máy cũ xài tài khoản của người khác hoặc mua ứng dụng bằng tài khoản của một người khác… ",12/04/2024 13:13 GMT+7,https://tuoitre.vn/dung-dung-vao-thong-bao-xac-minh-id-apple-coi-chung-bi-chiem-luon-tai-khoan-ngan-hang-20240412111139016.htm,"Nhiều người dùng iPhone đang hoang mang trước thông tin thông báo ‘Xác minh ID Apple' là một hành động tấn công có thể đánh cắp mọi tài khoản của người dùng, kể cả tài khoản ngân hàng.",
Instagram làm mờ tin nhắn có ảnh khỏa thâ,"Meta, công ty mẹ của Instagram, ngày 11-4 thông báo sẽ thử nghiệm tính năng làm mờ tin nhắn có nội dung chứa ảnh khỏa thân để bảo vệ thanh thiếu niên và ngăn những kẻ lừa đảo tiếp cận họ. Động thái trên được cho là nỗ lực của công ty nhằm xoa dịu những lo ngại về nội dung độc hại trên Instagram. Theo Reuters, Meta đang chịu áp lực ngày càng tăng từ Mỹ và châu Âu với những cáo buộc rằng ứng dụng của họ gây nghiện và gây ra các vấn đề sức khỏe tâm thần trong giới trẻ. Gã khổng lồ công nghệ cho biết tính năng bảo vệ các tin nhắn trực tiếp trên Instagram sẽ sử dụng máy học (machine learning) để phân tích xem hình ảnh được gửi qua ứng dụng này có chứa ảnh khỏa thân hay không. Máy học là một nhánh của trí tuệ nhân tạo (AI) và khoa học máy tính, tập trung vào việc sử dụng dữ liệu và thuật toán để cho phép AI bắt chước cách con người học, dần dần cải thiện độ chính xác của nó, theo trang ibm.com. Tính năng này sẽ được bật theo mặc định đối với người dùng dưới 18 tuổi. Meta cũng sẽ thông báo cho người dùng trưởng thành để khuyến khích họ bật tính năng này. Vì hình ảnh được phân tích trên chính thiết bị của người dùng, nên tính năng bảo vệ khỏi ảnh khỏa thân vẫn hoạt động trong các cuộc trò chuyện được mã hóa hai đầu. Không giống như ứng dụng Messenger và WhatsApp của Meta, tin nhắn trực tiếp trên Instagram không được mã hóa, song công ty cho biết họ có kế hoạch triển khai mã hóa cho ứng dụng này. Meta cũng đang phát triển công nghệ để xác định các tài khoản có khả năng tham gia vào các vụ lừa đảo sextortion (tin tặc lừa đang giữ ảnh/clip nóng của người dùng). Công ty cũng đang thử nghiệm các tin nhắn dạng pop-up (cửa sổ thông báo bật lên khi mở trình duyệt web) với những người dùng có thể đã tương tác với các tài khoản lừa đảo như vậy. Tháng 1 vừa qua, Meta nói công ty sẽ ẩn nhiều nội dung hơn đối với thanh thiếu niên trên Facebook và Instagram và điều này sẽ khiến giới trẻ khó có thể xem những nội dung nhạy cảm hơn, như là tự tử, tự ngược đãi bản thân và rối loạn ăn uống. Trước đó vào tháng 10-2023, 33 bang của Mỹ đã kiện Meta, cáo buộc công ty liên tục đánh lừa công chúng về sự nguy hiểm của các nền tảng của mình. Tại châu Âu, Ủy ban châu Âu đã tìm kiếm thông tin về cách Meta bảo vệ trẻ khỏi nội dung bất hợp pháp và độc hại.",12/04/2024 10:06 GMT+7,https://tuoitre.vn/instagram-lam-mo-tin-nhan-co-anh-khoa-than-20240412095204035.htm,"Ngoài làm mờ tin nhắn có ảnh khỏa thân, Meta cũng đang phát triển công nghệ xác định tài khoản lừa đảo sextort (tin tặc lừa đang giữ ảnh nóng của người dùng).",8.0
Trung ương Mặt trận Tổ quốc Việt Nam muốn Bộ Công an hỗ trợ mục tiêu chuyển đổi s,"Đề án chuyển đổi số Mặt trận Tổ quốc Việt Nam (MTTQ) giai đoạn 2025 - 2030, tầm nhìn đến 2035 là nội dung buổi làm việc giữa Bộ Công an và đoàn đại biểu Ủy ban Trung ương MTTQ Việt Nam vào chiều 11-4. Chủ tịch Ủy ban Trung ương MTTQ Việt Nam Đỗ Văn Chiến cho biết cơ quan này có 7 nhiệm vụ trọng tâm, trong đó mục tiêu quan trọng nhất là xây dựng, củng cố khối đại đoàn kết toàn dân tộc. ""Một nhiệm vụ rất quan trọng hiện nay là cùng với Đảng, Nhà nước và cấp ủy, chính quyền các cấp chăm lo, đảm bảo an sinh xã hội cho nhân dân"", ông Chiến nói. Để thực hiện tốt các nhiệm vụ này, MTTQ Việt Nam mong được Bộ Công an hỗ trợ thực hiện công tác chuyển đổi số, xây dựng cơ sở dữ liệu. Điều này được kỳ vọng giúp MTTQ Việt Nam thực hiện tốt các nhiệm vụ chính trị; đảm bảo hiệu quả, tiết kiệm kinh phí. ""Khi cơ sở dữ liệu được xây dựng sẽ giúp nắm được số người nghèo ở mỗi địa phương, địa bàn cụ thể. Hoặc khi xảy ra những đợt thiên tai ở từng địa bàn, thông qua cơ sở dữ liệu cập nhật, Mặt trận Tổ quốc Việt Nam sẽ có cơ sở xác thực để huy động ủng hộ kịp thời, hiệu quả, tiết kiệm được thời gian và nhân lực để nắm tình hình và thống kê"", ông Chiến bày tỏ thêm. Tại buổi làm việc, thượng tướng Nguyễn Duy Ngọc, thứ trưởng Bộ Công an, gợi ý thời gian tới, MTTQ Việt Nam cần sớm mời các đơn vị chuyên môn hướng dẫn, thẩm duyệt đề án chuyển đổi số của cơ quan này. Đồng thời, để việc chuyển đổi số hiệu quả, ông Nguyễn Duy Ngọc cho rằng cùng với quyết tâm chính trị, cơ sở pháp lý thì phải có hạ tầng công nghệ, có dữ liệu, trường thông tin…  Trong quá trình vận hành, ông Ngọc nhấn mạnh một số yếu tố quan trọng khác như: ""nuôi sống"" dữ liệu; tập trung bảo mật, không để mất, phát tán dữ liệu; nhân sự phải có kiến thức công nghệ, cao hơn nữa là chuyên gia; đảm bảo nguồn ngân sách duy trì, bảo dưỡng. ",11/04/2024 21:39 GMT+7,https://tuoitre.vn/trung-uong-mat-tran-to-quoc-viet-nam-muon-bo-cong-an-ho-tro-muc-tieu-chuyen-doi-so-20240411202913132.htm,"Chủ tịch Ủy ban Trung ương Mặt trận Tổ quốc Việt Nam Đỗ Văn Chiến đề nghị Bộ Công an giúp cơ quan này lập đề án chuyển đổi số, đồng thời tổ chức tập huấn, hướng dẫn cho đội ngũ cán bộ trong quá trình vận hành.",11.0
Bị lấy cắp 150.000 USD vì cài link chứa mã độ,"""Tôi không giao dịch! Phải có ai chịu trách nhiệm chứ?"" Theo bài báo đăng trên Channel News Asia, số tiền gia đình ông Sighn bị mất khi cài link chứa mã độc là khoản tích cóp dành dụm để chi tiêu các khoản quan trọng: tiền học đại học cho con, tiền chữa bệnh cho người mẹ 81 tuổi, tiền trả góp cho căn nhà đang sinh sống, và cả tiền dưỡng già sau này. Câu chuyện bắt đầu, khi vợ của ông Singh bắt gặp một quảng cáo trên Facebook bán trứng hữu cơ và nhấp vào nút ""đặt hàng"", sau đó được chuyển đến cuộc trò chuyện WhatsApp với ""người bán"" có tên Jason. Hắn gửi một liên kết để tải ứng dụng thanh toán, yêu cầu ông bà Singh đặt cọc. Ông Singh đã cài ứng dụng trên điện thoại, và được dẫn đến trang thanh toán giống hệt trang chủ ngân hàng UOB. Ông Singh gõ thông tin đăng nhập và xác thực tài khoản, song màn hình chỉ hiện giao diện ""đang loading"", và giao dịch bị trả lại với thông báo ""Thất bại"". Sau nhiều lần nhập thông tin, ông Singh quyết định từ bỏ đơn hàng. Nhưng chỉ một ngày sau, ông Singh nhận được điện thoại từ nhân viên dịch vụ khách hàng UOB, hỏi về hàng loạt giao dịch thẻ tín dụng mà ông đã sử dụng. Lo lắng, ông Singh kiểm tra tất cả ứng dụng ngân hàng UOB và DBS cài trên điện thoại, và kinh hoàng phát hiện ra, tất cả tiền tích cóp đã bay sạch. ""Khi tôi nhìn thấy những số không ở cả 4 tài khoản của mình, tôi như thành một xác sống. Còn vợ tôi bị suy sụp"", ông cay đắng. Ông Singh không thể hiểu vì sao những kẻ lừa đảo lại có thể truy cập vào thông tin thẻ tín dụng và toàn bộ cả 4 tài khoản ngân hàng mở ở UOB và DBS. ""Tôi không phải là người rút tiền và đưa cho kẻ lừa đảo... Tôi thậm chí còn không biết điều này đang xảy ra. Phải có ai chịu trách nhiệm chứ?"", ông đau khổ. Với mã độc .APK, kẻ gian có thể chiếm quyền quản lý mọi app tài khoản trên điện thoại Lực lượng Cảnh sát Singapore đã lập tức vào cuộc để điều tra vụ việc. Với trường hợp như ông bà Singh, khi đặt đơn hàng cùng kẻ lừa đảo, nạn nhân được chuyển đến nền tảng nhắn tin, nơi ""người bán"" hướng dẫn họ tải xuống và cài đặt tệp Android Package Kit (APK), một ứng dụng độc hại được tạo cho hệ điều hành Android, và giờ đã có biến thể cho cả nền tảng iOS. Khi điện thoại của nạn nhân bị nhiễm phần mềm độc hại, những kẻ lừa đảo sẽ chiếm quyền kiểm soát thiết bị điện thoại của nạn nhân, và chặn toàn bộ các thông báo của ngân hàng cũng như các cảnh báo virus. Thông tin đăng nhập internet banking của các tài khoản ngân hàng, và thậm chí toàn bộ các tài khoản giao dịch như chứng khoán cài trên thiết bị di động của nạn nhân, sẽ bị đánh cắp bởi chức năng keylogging của phần mềm độc hại. Những kẻ lừa đảo sau đó sẽ truy cập vào các tài khoản của nạn nhân và thực hiện các giao dịch, với đầy đủ các mã xác thực bảo mật đã đánh cắp từ nạn nhân. Bất cứ điều gì bạn làm trên điện thoại nhiễm mã độc... đều bị hacker giám sát Bất chấp việc các ngân hàng đã đưa ra các biện pháp bảo mật chuyên dụng để đối phó, nhưng sự phát triển không ngừng của công nghệ đã khiến cho các vụ lừa đảo ngày càng tinh vi và khó khắc phục. Các hacker thông qua phần mềm độc hại sẽ có các công cụ để truy cập trái phép vào các chi tiết bảo mật trên thiết bị di động của người dùng, bao gồm lấy cắp toàn bộ dữ liệu bảo mật xác thực của tất cả các tài khoản ngân hàng, hay chứng khoán… cài đặt trên điện thoại. Những kẻ tấn công cài đặt mã độc có thể nghe lén hoặc trích xuất thông tin từ điện thoại. Ví dụ, keylogger sẽ giám sát những gì người dùng nhấn vào bàn phím của thiết bị, sau đó nó có thể trích xuất tên người dùng và mật khẩu, khi họ nhập vào ứng dụng tài khoản ngân hàng, hay ứng dụng tài khoản chứng khoán. Một số chương trình phần mềm độc hại cũng có thể chụp toàn bộ thao tác màn hình điện thoại của người dùng. ""Vì vậy, bất cứ điều gì bạn đang làm trên điện thoại... đều bị kẻ lừa đảo nhìn thấy và giám sát, khi điện thoại của bạn bị nhiễm phần mềm độc hại"", chuyên gia công nghệ Verity Lim từ NUS Greyhats chia sẻ. Khi này phần mềm độc hại đã bị cài vào điện thoại, nó sẽ làm cho thiết bị di động tiếp nhận song song quyền kiểm soát của người chủ thực sự và kẻ lừa đảo. Kẻ gian có thể có quyền truy cập điện thoại, reset điện thoại hệt như chủ thiết bị. Cho đến nay, đa số các vụ lừa đảo phần mềm độc hại ở Singapore đều liên quan đến điện thoại Android. Điều khiến Android rủi ro hơn là bởi nó cho phép tải phụ, nghĩa là có thể cài đặt các ứng dụng của bên thứ ba - từ các cửa hàng ứng dụng bên ngoài Google Play, ông Willis Lim, giám đốc Trung tâm phân tích mối đe dọa mạng quốc gia của Cơ quan an ninh mạng Singapore (CSA), Singapore. Đây là một hệ sinh thái trái ngược với hệ sinh thái khép kín của của Apple, vốn khiến người dùng iOS chỉ có thể tải ứng dụng từ Apple Store. Để giữ an toàn cho người dùng, Google ra mắt hệ thống bảo vệ phần mềm độc hại Play Protect, giúp quét các ứng dụng tìm các virus độc hại trước khi chúng được tải xuống từ Play Store. Nhưng những kẻ lừa đảo lại lập tức biến đổi mã độc, để phá hàng rào bảo vệ của Play Protect. ""Như chơi trò đuổi bắt, cho tới bây giờ, chưa có giải pháp nào thực sự hiệu quả để đối phó, dù chúng tôi luôn cố gắng hết sức để bảo vệ người dùng"", ông Lim Yihao tại công ty con an ninh mạng Mandiant Intelligence của Google cho biết. Việt Nam trong Top 10 điểm nóng tội phạm mạng hàng đầu thế giới Theo Hội đồng Công nghệ Toàn cầu, Việt Nam nằm trong số 10 điểm nóng tội phạm mạng hàng đầu thế giới. Đầu năm 2024, Group-IB, đã phải gióng lên hồi chuông cảnh báo không chỉ có người dùng điện thoại sử dụng nền tảng Android, mà người dùng iPhone tại Việt Nam đang bị tấn công bởi mã độc ăn cắp tài khoản ngân hàng, vơi mức độ nguy hiểm ""chưa từng có tiền lệ"". Theo ông Đức Anh, chuyên gia từ Group-IB, trước đây, GoldDigger là một mã độc chỉ lạm dụng tính năng Accessibility Service trên nền tảng Android. Hiện nay, nó đã có biến thể nguy hiểm hơn, tấn công trên cả nền tảng iOS để thu thập và lọc thông tin cá nhân từ nạn nhân, cũng như dữ liệu sinh trắc học. Từ các dữ liệu này, tin tặc sử dụng công cụ AI để tạo ra deepfake bằng cách thay thế khuôn mặt của chúng bằng khuôn mặt của nạn nhân, nhằm để truy cập trái phép vào tài khoản ngân hàng của nạn nhân, hoặc dữ liệu khác được bảo vệ bằng nhận dạng khuôn mặt. Đây có thể là mã độc đầu tiên nhắm vào nền tảng có độ bảo mật cao iOS, với khả năng đánh cắp dữ liệu dạng nhận dạng khuôn mặt, giấy tờ tùy thân, thậm chí cả tin nhắn SMS. Ông Văn Anh Tuấn, Giám đốc Cao cấp An ninh thông tin, Ngân hàng Techcombank, cho biết: ""Hiện nhiều website giả mạo đang phát tán mã độc dưới dạng tập tin cài đặt .apk, với những tên gọi khác nhau như Thuế Việt Nam, Tổng cục Thuế, Dịch vụ công … Đối tượng lừa đảo sẽ lừa người dùng để cấp quyền Accessibility cho ứng dụng giả mạo. Sau khi được cấp quyền, ứng dụng giả mạo có thể nằm vùng như một gián điệp, toàn quyền điều khiển điện thoại khách hàng, thu thập thông tin, nhắn tin gọi/nghe điện thoại, điều khiển các ứng dụng ngân hàng, nhập tài khoản, mật khẩu, sau đó là mã Passcode/OTP để chuyển tiền từ chính chủ tài khoản hoặc mã OTP để huỷ thiết bị của khách hàng và đăng ký mới phần mềm mobile banking trên thiết bị của kẻ lừa đảo"". ""Chúng tôi đặc biệt khuyến cáo người dùng nên thực hiện những phương pháp khắc phục và phòng chống nguy cơ từ ứng dụng độc hại, như không nghe theo lời giả danh từ số điện thoại lạ, không điền thông tin nhạy cảm vào đường link lạ, không tải và cài đặt phần mềm lạ. Nếu đã cài, hãy lập tức ngắt kết nối internet (3G, 4G, wifi..), bật điện thoại sang chế độ bay và lập tức liên hệ với ngân hàng để khoá tài khoản tạm thời. Cùng với đó, nên cài đặt lại thiết bị (có thể tự cài hoặc đến các trung tâm bảo hành hoặc các cửa hàng điện thoại uy tín), sử dụng Google Play Protect để quét và dò tìm các phần mềm độc hại trên thiết bị Android"" – ông cho hay.",11/04/2024 09:45 GMT+7,https://tuoitre.vn/bi-lay-cap-150-000-usd-vi-cai-link-chua-ma-doc-20240411094318764.htm,"Gia đình ông bà Sighn tại Singapore đã bị lừa lấy cắp toàn bộ số tiền trong 4 tài khoản ngân hàng và 1 thẻ tín dụng, trị giá đến 150.000 USD, sau khi bị kẻ gian dụ cài link trực tuyến có chứa mã độc để đặt mua 60 quả trứng hữu cơ.",12.0
Ukraine dùng AI đánh Nga như thế nào,"  Theo tạp chí Economist, trong bối cảnh bị áp đảo về khí tài trước quân đội Nga, Ukraine đang tìm cách sử dụng trí tuệ nhân tạo (AI) để mang lại lợi thế cho nước này. Đa dạng cách ứng dụng AI để chiến đấu  Một sĩ quan Ukraine cao cấp phụ trách việc phát triển công nghiệp quốc phòng nước này khẳng định các đội ngũ thiết kế máy bay không người lái (drone) của Kiev thường tìm đến công cụ ChatGPT làm ""điểm bắt đầu"" cho quá trình lên ý tưởng. Những chuyên gia này thường xuyên tham vấn ChatGPT để tìm ra những phương thức mới lạ trong việc ngăn drone bị quân đội Nga làm nhiễu tín hiệu liên lạc hoặc thậm chí áp chế điện tử. Ngoài ra, AI còn được Ukraine tận dụng để phát hiện các mục tiêu Nga. Công ty tình báo Molfar (có trụ sở tại thành phố Dnipro và thủ đô Kiev) sử dụng một mô hình AI đặc biệt để phân tích các hình ảnh và văn bản được phát tán trên mạng xã hội.  Mô hình này tìm ra điểm chung giữa chúng và cung cấp manh mối về các địa điểm quân Nga có thể đang đóng quân hoặc che giấu vũ khí. Ông Maksym Zrazhevsky, nhà phân tích của công ty, cho biết Molfar có thể phát hiện trung bình 2-5 mục tiêu đáng giá mỗi ngày. Toàn bộ thông tin tình báo trên sẽ nhanh chóng được chuyển cho phía quân đội Ukraine xử lý. Tinh vi hơn, quân đội Ukraine còn sử dụng mô hình AI do Công ty SemanticForce cung cấp để phân tích nhuệ khí đối phương. Thông thường, dịch vụ thương mại của SemanticForce giúp các nhãn hàng theo dõi thái độ của người tiêu dùng với sản phẩm của họ dựa trên những nội dung được chia sẻ trên mạng. Tuy nhiên, với ""khách hàng"" là quân đội Ukraine, SemanticForce sẽ sử dụng hình ảnh thu được từ drone trinh sát và do lính Nga đăng trên mạng để xác định những điểm đóng quân có thể có nhuệ khí thấp hoặc đang cạn dần nhu yếu phẩm. Những mục tiêu này thường phản kháng yếu ớt hơn trước những cuộc tấn công của Kiev. Ngoài trên chiến trường, AI cũng được Kiev sử dụng tích cực trong lĩnh vực phản gián. Công cụ AI thường gửi cho các thuê bao điện thoại những lời mời chào, dụ dỗ người Ukraine cung cấp hình ảnh gắn thông tin vị trí địa lý về cơ sở hạ tầng hoặc mục tiêu quân sự của nước này để đổi lấy tiền. Toàn bộ số này đều là đề nghị giả. Bất kỳ ai ""cắn câu"" và liên hệ với phía mời chào đều sẽ bị Cục An ninh Ukraine (SBU) xử lý. Hiểm họa nếu ỷ lại vào AI Hiện tác động thực tiễn của việc áp dụng AI trên chiến trường vẫn chưa thật sự rõ ràng. Rất nhiều thành viên cấp cao trong giới chức Ukraine tin rằng đây là ""điểm sáng"" trong việc tăng cường khả năng chiến đấu của Ukraine. Tuy nhiên, nhiều người khác lo rằng việc đổ nguồn lực vào AI sẽ trực tiếp ảnh hưởng đến nguồn lực của Kiev cho nhiều lĩnh vực quan trọng khác. Ngoài ra, nhiều chuyên gia cũng chỉ ra rằng nhiều mô hình AI trên thị trường đang bị thổi phồng và việc tin tưởng quá nhiều vào AI có thể dẫn đến rủi ro nghiêm trọng. Thậm chí, ông John Arquilla, giáo sư danh dự tại trường đào tạo sau đại học của hải quân Mỹ tại bang California và là cố vấn cho nhiều lãnh đạo Bộ Quốc phòng Mỹ, còn cho rằng ""cái mất"" của việc quân đội Ukraine ứng dụng AI có thể nhiều hơn ""cái được"". Ông Arquilla chỉ ra rằng những thắng lợi lớn nhất của Ukraine tập trung vào giai đoạn đầu cuộc chiến, khi các đơn vị chiến đấu bị phân tán và được khuyến khích tự ý hành động. Tuy nhiên, việc Ukraine ứng dụng nhiều AI đang ""tập trung hóa việc đưa ra quyết định"" và triệt tiêu yếu tố sáng tạo ""tại những vùng chiến sự xa"". Điều đó khiến các quyết định trên chiến trường của Kiev có thể dễ bị ""bắt bài"" hơn, dẫn đến các tổn thất lớn trên chiến trường.",11/04/2024 09:40 GMT+7,https://tuoitre.vn/ukraine-dung-ai-danh-nga-nhu-the-nao-20240410185318622.htm,"Kiev đang sử dụng nhiều mô hình trí tuệ nhân tạo (AI) khác nhau để thiết kế vũ khí, xác định mục tiêu quân sự, phát hiện gián điệp, đánh giá sĩ khí đối phương...",13.0
Khi nào trí tuệ nhân tạo thông minh hơn con người?,"Nhiều chuyên gia trên thế giới cũng từng đưa ra những dự báo về thời điểm siêu trí tuệ nhân tạo sẽ sánh ngang, thậm chí vượt con người trong tương lai không xa. Dù vậy, vẫn có người cho rằng thành tựu này phải mất nhiều thập niên nữa mới đạt được. Dự báo của ông Musk ""Nếu bạn định nghĩa AGI (trí tuệ nhân tạo tổng quát) là thông minh hơn người thông minh nhất, tôi nghĩ điều đó có thể xảy ra vào năm tới hay trong vòng hai năm nữa"", ông Musk nói khi được hỏi về mốc thời gian cho sự phát triển của AGI. Theo báo Financial Times, tỉ phú Musk luôn lạc quan về sự phát triển của AGI - các công cụ AI mạnh đến mức có thể đánh bại những người có năng lực tốt nhất trong bất cứ lĩnh vực nào. Dự báo hôm 8-4 của ông thậm chí còn sớm hơn những dự báo trước đó của chính ông và những người khác. Năm 2023, ông Musk dự đoán siêu trí tuệ nhân tạo hay AGI toàn diện sẽ tồn tại vào năm 2029. Tốc độ phát triển AI đã chậm lại do thiếu nguồn cung chip, đặc biệt là chip do Hãng Nvidia sản xuất - vốn rất cần thiết cho việc đào tạo và chạy các mô hình AI. Ông Musk cho biết việc thiếu hụt chip là trở ngại lớn cho sự phát triển AI trong thời điểm hiện tại, song việc cấp điện sẽ rất quan trọng trong 1-2 năm tới. Cùng với việc đưa ra dự báo mới nhất, ông Musk cũng thông báo công ty khởi nghiệp AI của ông, xAI, sẽ hoàn thành việc đào tạo phiên bản thứ hai của mô hình Grok - chatbot AI - vào tháng 5, và cho rằng nó sẽ tốt hơn GPT-4 của Công ty OpenAI - mô hình đang dẫn đầu thị trường. Theo ông Musk, việc đào tạo Grok 2 cần khoảng 20.000 chip đồ họa (GPU) Nvidia H100 trong khi các phiên bản sau sẽ cần nhiều chip hơn nữa. Ông Musk đã dành khá lớn thời gian và tập trung nhiều nguồn lực hơn vào xAI trong năm qua. Ông đang huy động hàng tỉ USD từ các nhà đầu tư ở Mỹ, Trung Đông và Hong Kong (Trung Quốc) để cạnh tranh với OpenAI. Các chuyên gia khác nói gì? Một số đột phá về AI trong 18 tháng qua, bao gồm việc ra mắt các công cụ phát video và chatbot mạnh hơn, đã thúc đẩy AI phát triển nhanh hơn mong đợi. Trong cuộc thảo luận hồi tháng 3 với người dẫn chương trình Joe Rogan trong một podcast, nhà khoa học máy tính nổi tiếng người Mỹ Ray Kurzweil khẳng định AI sẽ đạt được trí thông minh ngang tầm con người vào năm 2029. Ông Kurzweil phân tích sự phát triển theo cấp số nhân của công nghệ, đặc biệt là AI, từ đó ông dự báo con người đang phát triển nhanh về sức mạnh tính toán, các thuật toán phức tạp và khả năng xử lý dữ liệu. Với những tiến bộ này, ông Kurzweil tin rằng AI sẽ bắt kịp và thậm chí là vượt qua trí tuệ con người. Ông Kurzweil nói mọi người có thể mong đợi AI vượt qua trí thông minh con người trong 100 năm nữa, song ông tin rằng AI sẽ đạt cột mốc này trong 5 năm tới - một dự báo rất giống với dự báo hồi năm 2023 của tỉ phú Musk. Trước đó, trong Hội nghị thượng đỉnh AI 2024 tại Panama hồi cuối tháng 2 đến đầu tháng 3 vừa qua, chuyên gia hàng đầu về AI Ben Goertzel cho rằng con người có thể đạt được AGI trong vòng từ 3-8 năm tới, theo Yahoo News. Đầu năm nay, ông Demis Hassabis, đồng sáng lập Công ty AI DeepMind thuộc Google, dự báo có thể đạt được AGI vào năm 2030. Tuy nhiên, ông Brad Smith, chủ tịch Microsoft, lại không cho là AGI sẽ sớm xuất hiện. Tháng 11-2023, ông Smith nói không có cơ hội để AGI được tạo ra trong vòng 12 tháng tới và lưu ý công nghệ này có thể phải mất nhiều thập niên để hình thành. ""Hoàn toàn không có khả năng bạn sẽ thấy cái gọi là AGI, nơi máy tính mạnh hơn con người, trong 12 tháng tới. Sẽ mất nhiều năm, nếu không muốn nói là nhiều thập niên"", ông Smith cho biết.",11/04/2024 05:45 GMT+7,https://tuoitre.vn/khi-nao-tri-tue-nhan-tao-thong-minh-hon-con-nguoi-20240410231723632.htm,"Mới đây tỉ phú công nghệ Elon Musk đưa ra dự báo trí tuệ nhân tạo (AI) sẽ thông minh hơn người thông minh nhất vào năm 2025 hoặc 2026, miễn là nguồn cấp điện và phần cứng có thể đáp ứng nhu cầu của công nghệ đang phát triển ngày càng mạnh mẽ này.",
Yêu cầu Netflix dừng phát hành game không phép tại Việt Nam,"Ngày 10-4, Cục Phát thanh, Truyền hình và Thông tin điện tử (Bộ Thông tin và Truyền thông) có công văn gửi đến Công ty Netflix, yêu cầu tuân thủ quy định pháp luật Việt Nam khi cung cấp dịch vụ trò chơi điện tử trên mạng. Theo đó, qua rà soát, kiểm tra các dịch vụ trên mạng, Cục Phát thanh, Truyền hình và Thông tin điện tử phát hiện Công ty Netflix đang quảng cáo trò chơi điện tử trên mạng không phép trên ứng dụng Netflix cung cấp cho người dùng Việt Nam; đồng thời cung cấp nhiều trò chơi điện tử trên App Store Việt Nam và Google Play Store Việt Nam khi chưa được cấp phép hoạt động tại Việt Nam. Đây là hành vi vi phạm điều 31 nghị định 72/2013/NĐ-CP của Chính phủ quy định quản lý, cung cấp, sử dụng dịch vụ Internet và thông tin trên mạng. Cục yêu cầu Công ty Netflix dừng việc quảng cáo, phát hành trò chơi điện tử trên ứng dụng Netflix và các kho ứng dụng trước ngày 25-4-2024. Nếu Công ty Netflix không thực hiện các yêu cầu trên, Bộ Thông tin và Truyền thông sẽ phối hợp với các cơ quan quản lý nhà nước liên quan xử lý theo quy định pháp luật Việt Nam. Gần đây, người dùng Netflix tại Việt Nam bất ngờ khi trên ứng dụng này bên cạnh phim còn xuất hiện một loạt trò chơi di động gồm rất nhiều thể loại khác nhau. Đáng chú ý, số lượng trò chơi liên tục tăng lên, từ chỗ ban đầu chỉ có 50, hiện tại đã lên đến 90 trò chơi trên nền tảng này. Các trò chơi được Netflix phát hành trên ứng dụng của mình và thông qua hai kho ứng dụng App Store của Apple và Play Store của Google. Để chơi được các trò chơi này, bên cạnh việc tải trực tiếp trên các kho ứng dụng, người dùng còn có thể tải game về ngay chính trên ứng dụng Netflix. Sau khi game được tải về và cài đặt, để chơi game người dùng sẽ đăng nhập vào chính tài khoản của Netflix đã được đăng ký. Các game này đều chưa được cấp phép tại thị trường Việt Nam. Đặc biệt, trong số danh sách các game ứng dụng này cung cấp, có cả các game bạo lực 18+ như GTA, hay các game hẹn hò dành cho lứa tuổi 16+…",10/04/2024 20:37 GMT+7,https://tuoitre.vn/yeu-cau-netflix-dung-phat-hanh-game-khong-phep-tai-viet-nam-20240410203135619.htm,"Nếu Công ty Netflix không tuân thủ, Bộ Thông tin và Truyền thông sẽ phối hợp các cơ quan quản lý nhà nước liên quan xử lý theo quy định pháp luật Việt Nam.",
Mỹ tiết lộ số tiền để lôi kéo tỉ phú Elon Musk vào cuộc chiến ở Ukrain,"Theo Hãng tin Bloomberg ngày 9-4, Lầu Năm Góc tiết lộ hợp đồng triển khai thiết bị đầu cuối Starlink của tỉ phú Elon Musk tại Ukraine trị giá 23 triệu USD. Theo đó, một quan chức Mỹ giấu tên cho biết dịch vụ cung cấp Internet từ vệ tinh Starlink của Công ty SpaceX là một phần quan trọng trong các hỗ trợ an ninh mà Mỹ đang cung cấp cho Ukraine. Hợp đồng cung cấp thiết bị đầu cuối liên lạc Starlink của SpaceX có hiệu lực từ tháng 6-2023 đến tháng 6-2024, quan chức này từ chối cho biết liệu hợp đồng có được gia hạn. Các quan chức quân đội Mỹ đánh giá cao vai trò của các thiết bị Starlink tại Ukraine trong cuộc chiến với Nga.  Các thiết bị này giữ cho dân thường được kết nối Internet và cung cấp thông tin liên lạc quan trọng cho quân đội Ukraine. Ông Mykhailo Fedorov, bộ trưởng Bộ Chuyển đổi kỹ thuật số Ukraine, hồi tháng 5-2022 cho biết Ukraine lúc đó đã nhận được khoảng 10.000 thiết bị đầu cuối Starlink và các thiết bị này là cơ sở hạ tầng liên lạc quan trọng cho cuộc chiến với Nga. Tuy nhiên, tỉ phú Musk nhiều lần tỏ ý không hài lòng về việc Ukraine sử dụng các thiết bị Starlink, nói rằng các thiết bị này được dùng cho mục đích tư nhân, chứ không phải quân sự. Đăng tải lên mạng xã hội vào năm 2023, ông Musk nói Starlink là ""xương sống truyền thông của Ukraine, đặc biệt là ở tuyến đầu, nơi gần như toàn bộ kết nối Internet khác đã bị phá hủy. Nhưng chúng tôi sẽ không để xung đột leo thang dẫn đến Thế chiến thứ 3"". Có thời điểm, tỉ phú Musk đe dọa sẽ cắt hỗ trợ tài chính cho Starlink ở Ukraine, nói rằng công ty của ông không thể gánh chi phí Internet băng thông rộng tốc độ cao cho đất nước này vô thời hạn. Ông cũng khiến chính quyền Tổng thống Mỹ Joe Biden khó chịu vào năm 2022 khi đưa ra đề xuất hòa bình, trong đó đề nghị Ukraine giữ thái độ trung lập, nhượng bán đảo Crimea cho Nga, và tổ chức lại bầu cử ở các khu vực Ukraine mà Nga chiếm giữ.",10/04/2024 17:37 GMT+7,https://tuoitre.vn/elon-musk-khong-hai-long-cach-ukraine-dung-dich-vu-internet-starlink-20240410152301023.htm,"Lầu Năm Góc lần đầu tiết lộ số tiền cụ thể cho thỏa thuận triển khai dịch vụ Internet Starlink ở Ukraine, qua đó lôi kéo một trong những người giàu nhất thế giới vào cuộc chiến tại Ukraine.",16.0
Viettel khai trương trung tâm dữ liệu lớn nhất Việt Na,"Đó là đánh giá của Bộ trưởng Bộ Thông tin và Truyền thông Nguyễn Mạnh Hùng tại lễ khai trương Trung tâm dữ liệu Viettel Hòa Lạc sáng 10-4. Viettel cho biết đây hiện là trung tâm dữ liệu lớn nhất tại Việt Nam xét theo tổng quy mô đầu tư, với tổng diện tích sàn là 21.000m2 và tổng công suất điện 30MW. Trung tâm dữ liệu có khoảng 2.400 rack, điểm khác biệt với các trung tâm dữ liệu ở Việt Nam đến nay là các rack đều được thiết kế mật độ cao và công suất lên đến 40KW để đáp ứng các tác vụ về AI và dữ liệu lớn, ông Nguyễn Mạnh Tùng, trưởng ban dự án trung tâm dữ liệu Viettel Hòa Lạc, cho biết. Hiện cả nước đang có 32 trung tâm dữ liệu thương mại vừa và nhỏ, với tổng số hơn 20.000 rack, tổng công suất thiết kế là 145MW. Viettel là nhà mạng lớn nhất về trung tâm dữ liệu Việt Nam, với tổng công suất là 87MW. Đặc biệt, với việc sử dụng hiệu quả điện năng, giảm phát thải, trung tâm dữ liệu đáp ứng đủ điều kiện nhận tín dụng xanh từ Ngân hàng HSBC. Phát triển thành Digital Hub của thế giới ""Viettel đã góp phần làm nên cách mạng về di dộng, Internet băng rộng, giờ đây sẽ góp phần bùng nổ về điện toán đám mây, phổ cập hóa hạ tầng dữ liệu để góp phần vào phát triển kinh tế số của đất nước"", ông Tào Đức Thắng, chủ tịch kiêm tổng giám đốc Viettel, chia sẻ về mục tiêu của tập đoàn khi đầu tư xây dựng các trung tâm dữ liệu đạt chuẩn quốc tế. Phát biểu tại lễ khai trương, Bộ trưởng Nguyễn Mạnh Hùng nhấn mạnh: ""Dữ liệu là tài nguyên quan trọng nhất của kinh tế số. Dữ liệu lớn và xử lý dữ liệu lớn sẽ là ngành công nghiệp lớn nhất. Viettel cũng như các nhà mạng viễn thông khác của Việt Nam phải có một tầm nhìn đúng về hạ tầng dữ liệu của một quốc gia để biến Việt Nam thành một Digital Hub của thế giới"". Bộ trưởng cũng đề nghị Viettel tiếp tục đầu tư xây dựng thêm các trung tâm dữ liệu lớn hơn nữa ngang tầm thế giới. Ông Tào Đức Thắng cho biết: Trong hai năm tới, Viettel đưa vào kế hoạch phát triển ít nhất ba trung tâm dữ liệu tại Hà Nội, TP.HCM và Đà Nẵng với công suất thiết kế là 240MW, tức là lớn gấp 8 lần trung tâm dữ liệu vừa được khai trương. Bảo vệ dữ liệu cá nhân và chủ quyền dữ liệu Theo Bộ trưởng Hùng, ""sự phát triển mạnh mẽ của cuộc cách mạng số đặt ra vấn đề bảo vệ chủ quyền dữ liệu quốc gia, bảo vệ dữ liệu cá nhân trở nên quan trọng hơn bao giờ hết. Việc có một hệ thống trung tâm dữ liệu an toàn, tin cậy và bảo mật cao nhất, công nghệ tiên tiến nhất như trung tâm dữ liệu của Viettel Hòa Lạc sẽ đóng vai trò quan trọng trong việc bảo vệ chủ quyền dữ liệu và bảo vệ dữ liệu cá nhân tại Việt Nam"". Nhân sự kiện này, một lần nữa, người đứng đầu Bộ Thông tin và Truyền thông kêu gọi ""các tổ chức, doanh nghiệp Việt Nam tăng cường sử dụng dịch vụ trung tâm dữ liệu, điện toán đám mây của Việt Nam, nhất là khi hạ tầng, dịch vụ của Việt Nam đã đạt tiêu chuẩn khắt khe nhất của thế giới và giá cả cạnh tranh"". Tới đây, Bộ Thông tin và Truyền thông sẽ trình Chính phủ ban hành nghị định hướng dẫn Luật Viễn thông, trong đó quy định dữ liệu của cơ quan nhà nước phải lưu trữ tại Việt Nam. Sử dụng hạ tầng số, dịch vụ số ""Make in Việt Nam"" vừa đảm bảo hiệu quả hơn, về chi phí tối ưu hơn, về hiệu suất an toàn và linh hoạt hơn, đồng thời cũng chính là chung tay đóng góp cho sự phát triển của các doanh nghiệp công nghệ số nước nhà"", Bộ trưởng Nguyễn Mạnh Hùng cho hay.",10/04/2024 16:47 GMT+7,https://tuoitre.vn/viettel-khai-truong-trung-tam-du-lieu-lon-nhat-viet-nam-20240410155547313.htm,"Hệ thống trung tâm dữ liệu bảo mật cao nhất, công nghệ tiên tiến nhất như trung tâm dữ liệu của Viettel Hòa Lạc sẽ đóng vai trò quan trọng trong việc bảo vệ chủ quyền dữ liệu và bảo vệ dữ liệu cá nhân tại Việt Nam.",17.0
Phòng thí nghiệm bom hạt nhân nổi tiếng nghiên cứu hiểm họa từ A,"Ngày 9-4, báo Washington Times (Mỹ) đăng câu chuyện về một phòng lab (phòng thí nghiệm) vốn được tạo ra để phát triển bom hạt nhân trong Thế chiến 2, giờ đây lại nghiên cứu các rủi ro của trí tuệ nhân tạo (AI). Cụ thể, cách đây hơn 80 năm, Dự án Manhattan (dự án nghiên cứu và phát triển những quả bom nguyên tử đầu tiên trong Thế chiến 2, chủ yếu do Mỹ thực hiện với sự giúp đỡ của Anh và Canada) đã khai sinh Phòng thí nghiệm quốc gia Oak Ridge trên những ngọn đồi ở phía đông bang Tennessee của Mỹ. Giữa cơn sốt AI hiện nay, phòng thí nghiệm trên đã lập một trung tâm nghiên cứu bảo mật AI vào năm ngoái, tập trung vào những hứa hẹn cũng như hiểm họa từ công nghệ này. Ông Edmon Begoli, giám đốc trung tâm trên, đang nghiên cứu về khả năng AI gây ra rủi ro to lớn cho nhân loại. Bình luận với Washington Times hôm 9-4, ông bày tỏ lo ngại về mối đe dọa từ một ""hệ thống AI hiệu quả đến mức tàn nhẫn"". Mối nguy hiểm mà ông hình dung ra không phải về một công cụ công nghệ độc hại cố ý tìm cách làm hại con người, mà là về một hệ thống AI được kết nối khắp nơi. Hệ thống này sẽ mở ra ""bề mặt tấn công"" (attack surface) cho tin tặc và không dễ dàng ngăn chặn truy cập. ""Hệ thống này sẽ có mặt ở khắp nơi, đến mức bạn không thể quay lại và xóa nó khỏi mọi thứ xung quanh. Nó có thể gây hại cho chúng ta khi nó bị sai lệch"" - ông Begoli cảnh báo. OpenAI, nhà phát triển chatbot nổi tiếng ChatGPT, đã tập hợp đội ngũ của riêng họ vào năm ngoái để kiểm tra những lo ngại về việc AI hành xử bất thường.  Tháng 7-2023, OpenAI đã cảnh báo về mối nguy hiểm từ một hệ thống AI siêu thông minh có thể bị sai lệch và quá thông minh đến mức con người không thể kiểm soát. Ông Begoli cho biết trong khi các công ty tư nhân tập trung vào những mối đe dọa ảnh hưởng đến sản phẩm của họ, thì phòng thí nghiệm của ông tập trung vào một loạt mối nguy hiểm rộng hơn. Họ đã hợp tác với Bộ An ninh nội địa và Phòng thí nghiệm nghiên cứu không quân Mỹ. ""Chúng tôi đang cố gắng hiểu: ""Có phải chúng ta đang đi theo hướng có thể thực sự gây hại cho nước Mỹ và nhân loại hay không?"". Đó là câu hỏi chính"" - ông Begoli nói. Đội ngũ của ông Begoli không phải là lực lượng duy nhất của Chính phủ Mỹ đang bận rộn nghiên cứu các mối đe dọa mà AI đặt ra cho an ninh quốc gia. Cơ quan An ninh quốc gia Mỹ cũng đã thành lập Trung tâm bảo mật AI vào năm ngoái với mục tiêu xác minh thiết kế an toàn của các công cụ AI để cộng đồng an ninh quốc gia có thể sử dụng.",10/04/2024 14:54 GMT+7,https://tuoitre.vn/phong-thi-nghiem-bom-hat-nhan-noi-tieng-nghien-cuu-hiem-hoa-tu-ai-20240410140015285.htm,Các nhà nghiên cứu làm việc trong một phòng thí nghiệm Mỹ nổi tiếng vì giúp chế tạo bom hạt nhân trong Thế chiến 2 hiện đang tập trung vào thứ mà một số người coi là mối đe dọa mới với nhân loại: trí tuệ nhân tạo (AI).,18.0
Zenbook DUO: Laptop 2 màn hình Lumina OLED trang bị chip A,"Hai màn hình để làm việc đa nhiệm Máy bao gồm hai màn hình cảm ứng 14’ OLED 3K 120 Hz, bàn phím và bàn di chuột Bluetooth® ASUS ErgoSense có thể tháo rời cùng bút cảm ứng ASUS Pen. Bạn có thể trải nghiệm không gian làm việc trực quan lên đến 19,8’ liền mạch trên hai màn hình theo hướng xoay dọc hoặc ngang, điều này giúp người dùng sử dụng Zenbook DUO đa chế độ linh hoạt như máy tính xách tay, màn hình kép, máy tính để bằng hoặc thiết bị màn hình chia sẻ. Bàn phím sạc có thể tháo rời để tận dụng tối đa không gian làm việc hoặc được đặt ở màn hình phía dưới để có trải nghiệm như dùng laptop vỏ sò truyền thống. Việc có 2 màn hình trong 1 chiếc laptop sẽ vô cùng hữu ích. Ví dụ, bạn có thể vừa mở cửa sổ cuộc gọi trực tuyến vừa tiếp tục làm việc ở màn hình kia, hoặc xem tài liệu tham khảo cùng lúc với làm việc mà không cần phải chuyển đổi màn hình liên tục. Với những khía cạnh khác trong đời sống và giải trí, bạn có thể vừa thảo luận với gia đình và bạn bè về kỳ nghỉ sắp tới trong khi vẫn xem qua vé và các lựa chọn chỗ ở ở màn hình khác… Hai màn hình 14’ Lumina OLED Zenbook DUO sở hữu hai màn hình đích thực, cảm ứng với kích cỡ trọn vẹn 14’ Lumina OLED, độ phân giải 3K cùng tần số quét 120Hz, mang đến trải nghiệm hiển thị vượt trội. ASUS Lumina OLED là công nghệ màn hình cho màu sắc đạt chuẩn ngành với màu đen sâu và độ chi tiết xuất sắc. Lumina OLED còn giúp bảo vệ mắt, ngăn hiện tượng lưu ảnh và nâng cao độ bền cho tấm nền. Mọi hình ảnh và chuyển động đều được hiển thị theo chuẩn điện ảnh, với màu sắc sống động và chính xác cao. Sức mạnh của chip AI Zenbook DUO mới tận dụng những tiến bộ mới nhất trong công nghệ AI để giúp cuộc sống của bạn dễ dàng hơn. Ví dụ, camera ASUS AiSense sẽ nhận biết được sự có mặt của bạn và cải thiện hình ảnh của bạn trong các cuộc gọi video. Tính năng khử tiếng ồn AI nâng cao trải nghiệm gọi điện video bằng cách loại bỏ tất cả tiếng ồn không cần thiết . Bộ xử lý chip AI Intel® Core™ Ultra 9 mới đi kèm với NPU chuyên dụng để xử lý các tác vụ AI. Ngoài đồ họa Intel® Arc tích hợp, máy tính xách tay còn có các giải pháp AI của Microsoft - Copilot và Designer. Hai công cụ này giúp nghiên cứu, thiết kế các bản trình bày và nhiều tác vụ phổ biến khác. Zenbook DUO là một chiếc laptop tuyệt vời dành cho những ai muốn có nhiều không gian làm việc & giải trí hơn. Máy mới hướng đến những người yêu thích công nghệ, muốn khai thác tối đa hiệu suất làm việc của mình bằng những tính năng mới nhất. Zenbook DUO chính là chiếc laptop phục vụ tối ưu cho việc đa nhiệm. Zenbook DUO sẽ chính thức lên kệ từ ngày 10-4 tại các đại lý trên toàn quốc với mức giá từ 49.99 triệu đồng. Phần quà hấp dẫn đi kèm là một chuột ASUS Marshmallow trị giá 790.000 đồng.  Ngoài ra, khi mua laptop hai màn hình Zenbook DUO sở hữu chip AI tại ASUS Store, bạn sẽ nhận được tổng cộng ba năm bảo hành chính hãng từ ASUS.",10/04/2024 13:00 GMT+7,https://tuoitre.vn/zenbook-duo-laptop-2-man-hinh-lumina-oled-trang-bi-chip-ai-20240409120622127.htm,"Với hai màn Lumina OLED, không gian làm việc sẽ được rộng mở gấp đôi, với chip AI được tích hợp, năng suất làm việc sẽ được nâng lên.",19.0
Tin tặc không chừa một a,"Suốt nhiều chục năm nay, các thiết bị của nhà Táo Apple, từ máy tính Mac đến thiết bị di động iPhone, iPad, mặc định được coi là ""an toàn hơn"" đối với các loại vi rút, tin tặc. Có nhiều lý do cho ""ưu điểm"" này như: hệ điều hành đóng, hệ sinh thái khép kín riêng biệt - một trời một cõi; có các cơ chế bảo mật tốt, được cập nhật thường xuyên, thị phần nhỏ hơn... Nhưng giờ đây, đặc biệt là từ năm 2024, điều này đã thay đổi trong thời ""bình thường mới"". Một loạt cảnh báo về những vụ tội phạm công nghệ cao tấn công những thiết bị Apple đã làm người dùng lo lắng. Có hai nghi vấn: hoặc là bọn tội phạm đã siêu hơn và đổi gu, hoặc là hệ điều hành của Apple mắc lỗi. Trong những năm qua, Apple đã phải miệt mài liên tục đưa ra vô số bản vá các lỗ hổng bảo mật cho hệ điều hành di động của mình. Và tình hình thực tế cho thấy đã đến lúc cần báo động đối với người dùng thiết bị di động của Apple. Thật ra, ngoài những lỗi từ hệ điều hành cho phép bọn tin tặc xâm nhập thiết bị, điều khiển thiết bị, trong cuộc sống mạng luôn có vô số nguy cơ an toàn, bảo mật không phân biệt thiết bị hay hệ điều hành. Chỉ cần người dùng cả tin, thiếu ý thức cảnh giác và không tuân thủ các nguyên tắc an toàn là dễ dàng trở thành nạn nhân. Chẳng hạn các chiêu trò mạo danh, lừa đảo, khai thác sơ hở của người dùng để xâm nhập hệ thống thì người dùng Android, iOS, Windows hay Mac đều có nguy cơ ngang nhau. Thậm chí, trong thực tế, người dùng các hệ điều hành của nhà Táo còn có nguy cơ cao hơn vì tính chủ quan lớn hơn. Tất nhiên, cuộc chiến chống tội phạm công nghệ và nỗ lực phòng tránh các nguy cơ an toàn và bảo mật phải là một sự phối hợp đồng bộ. Cơ quan chức năng nhà nước, các tổ chức có liên quan, các nhà cung cấp dịch vụ và người dùng phải cùng hợp tác đồng bộ và hiệu quả với nhau. Vỏ quýt dày cần có móng tay nhọn. Cuộc chiến này không thể có kết quả như mong muốn nếu không có được sự phối hợp tổng lực đó. Mới đây nhất, giữa tình hình tấn công mạng tăng cao và gây ảnh hưởng rộng, ngày 7-4-2024, Thủ tướng Chính phủ đã ban hành công điện yêu cầu các bộ, ngành, địa phương tăng cường bảo đảm an toàn thông tin mạng. Trước đó, Thủ tướng Chính phủ cũng đã có nhiều văn bản chỉ đạo các bộ, ngành, địa phương về tăng cường bảo đảm an toàn thông tin mạng. Tuy nhiên một số ngành, lĩnh vực chưa quán triệt, ưu tiên nguồn lực triển khai, để xảy ra sự cố gây mất an toàn thông tin mạng và tiềm ẩn nguy cơ ảnh hưởng đến an toàn không gian mạng Việt Nam. Năm 2024 này, nguy cơ an ninh mạng càng trở nên nghiêm trọng hơn khi có sự tiếp tay của công nghệ trí tuệ nhân tạo (AI). AI là một con dao hai lưỡi, nó có thể bảo vệ mạng tốt hơn nhưng ngược lại cũng có thể gây nguy hại cho mạng nhiều hơn. Vì thế, tất cả mọi người phải luôn cập nhật cho mình khả năng phòng chống tấn công mạng và khả năng phục hồi hệ thống trong môi trường nhìn đâu cũng thấy AI.",10/04/2024 10:34 GMT+7,https://tuoitre.vn/tin-tac-khong-chua-mot-ai-2024041008140466.htm,"Có một nguyên tắc trước sau như một hễ vào mạng Internet là phải chấp nhận ""sống chung với vi rút và tin tặc"". Ai cũng phải ý thức được điều này, không chỉ luôn cảnh giác mà còn phải biết cách giữ ""mạng"".",20.0
Elon Musk nói AI sắp vượt trội hơn người thông minh nhất,"Trong một cuộc phỏng vấn trên X Space mới đây, ông Elon Musk nói với Tổng giám đốc điều hành Norges Bank Investment Management (NBIM) Nicolai Tangen rằng phiên bản tiếp theo của Grok, chatbot AI từ công ty khởi nghiệp xAI của ông, dự kiến sẽ được đào tạo vào tháng 5-2024. “Nếu bạn định nghĩa AGI (AI tổng quát) thông minh hơn người thông minh nhất, tôi nghĩ có lẽ điều này sẽ khả thi vào năm sau, hoặc trong vòng 2 năm tới”, ông Musk nói khi được hỏi về mốc thời gian phát triển AGI. Ông Elon Musk thành lập xAI vào năm 2023 để trở thành đối thủ cạnh tranh với OpenAI, công ty mà ông đã kiện vì từ bỏ sứ mệnh ban đầu là phát triển AI vì lợi ích của nhân loại, chứ không phải vì lợi nhuận. Theo Hãng tin Reuters, OpenAI sau đó đã phủ nhận các cáo buộc của Elon Musk. Theo ông Musk, việc đào tạo mẫu Grok 2 cần khoảng 20.000 bộ xử lý đồ họa (GPU) Nvidia H100, đồng thời nói thêm rằng phiên bản Grok 3 trở lên sẽ yêu cầu 100.000 chip Nvidia H100. Elon Musk cho biết tuy rằng tình trạng thiếu chip là trở ngại lớn cho sự phát triển của AI thời điểm hiện tại, nhưng việc cung cấp điện sẽ rất quan trọng trong một hoặc hai năm tới. Nói về xe điện (EV), ông Musk nhắc lại rằng các nhà sản xuất ô tô Trung Quốc có tính “cạnh tranh nhất thế giới”, đồng thời cũng đặt ra “những thách thức khó khăn nhất” đối với Tesla. Trước đây, Elon Musk từng cảnh báo rằng các nhà sản xuất ô tô điện đến từ Trung Quốc sẽ đánh bại các đối thủ toàn cầu nếu không vướng phải các rào cản thương mại.",09/04/2024 16:27 GMT+7,https://tuoitre.vn/elon-musk-noi-ai-se-vuot-troi-hon-nguoi-thong-minh-nhat-vao-nam-2025-hoac-2026-20240409155937707.htm,Giám đốc điều hành Tesla Elon Musk dự đoán trí tuệ nhân tạo (AI) thông minh hơn người thông minh nhất có thể được phát triển vào năm 2025 hoặc 2026.,
"Liên tiếp các cuộc tấn công mạng đòi tiền chuộc, đâu là lĩnh vực bị hacker tập trung nhất","Đó là nhận định của các chuyên gia về an toàn, an ninh mạng tại tọa đàm Bảo mật thông tin trong lĩnh vực chứng khoản, do tạp chí Nhà Đầu Tư tổ chức sáng 9-4. Tấn công mạng rồi đòi tiền chuộc Đánh giá về thực trạng tấn công mạng hiện nay, ông Ngô Tuấn Anh - tổng giám đốc Công ty An ninh mạng SCS, phó chủ tịch Hiệp hội An toàn thông tin Việt Nam, cho rằng tấn công mạng không phải gần đây mới xảy ra. Nhưng vụ việc của VNDirect xảy ra cuối tháng 3 vừa rồi mới thực sự được chú ý do tầm ảnh hưởng lớn tới thị trường. Trước đây mức độ ảnh hưởng của cuộc tấn công mạng chưa thể hiện ra ngoài. Tội phạm tấn công website rồi để lại thông tin nhằm ghi danh ghi điểm. Tuy nhiên hiện nay tấn công mạng nhằm thu lợi nhuận, như vụ việc VNDirect gần đây là tấn công mã hóa tống tiền. ""Ví như nhà có két, trong két có nhiều tài liệu và tiền bạc. Kẻ xấu vào nhà và lấy chìa rồi khóa két lại. Nên để mở két thì có hai cách. Một là chủ nhà tự đánh lại chìa. Việc đánh chìa khóa điện tử mới không hề dễ dàng mà cần máy tính lớn giải mã và có thể mất nhiều chục năm. Nên giải pháp này là không khả thi. Còn nếu bỏ két đó đi thì chủ nhà sẽ mất hết dữ liệu. Nên chọn cách hai là chấp nhận phải trả tiền cho tội phạm để lấy lại chìa"" - ông Anh chia sẻ. Theo ông, việc tấn công mã hóa tiền chuộc đã trở thành xu hướng, nở rộ gần đây khi nạn nhân chịu trả bằng tiền điện tử. Đây không phải chuyện riêng Việt Nam mà của cả thế giới. Tuy nhiên, ông Trần Minh Quân - chuyên gia cao cấp của PwC Việt Nam - cho rằng các quốc gia không khuyến khích các đơn vị trả tiền chuộc hoặc liên hệ cho các bên tấn công. Vô hình trung cách xử lý này không chỉ tạo nguồn thu cho tội phạm mà còn khuyến khích các vụ tấn công mạng ngày càng nhiều hơn. Ngân hàng và chứng khoán là mục tiêu chính bị tấn công mạng Về mục tiêu tấn công mạng, theo ông Nguyễn Hồng Sơn - phó trưởng phòng Pentest Trung tâm An toàn thông tin (VNPT) - là để thu lợi. Do đó lĩnh vực tài chính - ngân hàng lâu nay là mục tiêu mà hacker ưu tiên tấn công hơn so với các lĩnh vực khác. Tội phạm có rất nhiều hình thức tinh vi, sử dụng công nghệ cao như Al, deepfake... để tấn công như thông qua mã độc, gửi mã tống tiền, tấn công giả mạo... Ông Ngô Minh Hiếu, chuyên gia bảo mật, thông tin trong quý 1 có tới 29.000 báo cáo lừa đảo. Hình thức là kẻ lừa đảo giả mạo website tổ chức tài chính, sàn chứng khoán có uy tín trong và cả nước ngoài. Đa phần nạn nhân bị dẫn dụ về mặt tình cảm hoặc bị lôi kéo làm nhiệm vụ trên các sàn giả mạo. Bằng những chiêu trò, thao túng tâm lý mà nạn nhân đầu tư. Sau đó kẻ lừa đảo chiếm đoạt tài sản. Hoặc tội phạm hacker có xu hướng bắt trend thu hút nhà đầu tư để dẫn dụ với những khuyến mãi, quà tặng hấp dẫn, nhiều người dần bị dẫn dụ và mất tiền. ",09/04/2024 13:45 GMT+7,https://tuoitre.vn/lien-tiep-cac-cuoc-tan-cong-mang-doi-tien-chuoc-dau-la-linh-vuc-bi-hacker-tap-trung-nhat-20240409122908752.htm,"Tình hình tội phạm tấn công mạng đang tăng lên. Trong quý 1 có tới 29.000 báo cáo lừa đảo liên quan tội phạm mạng. Lĩnh vực chứng khoán, ngân hàng là mục tiêu mà hacker tập trung tấn công.",22.0
Giải mã lý do Viettel trở thành “nhà đầu tư tiềm năng” trong mắt các quốc gi,"Đầu tư ra nước ngoài khi mà các ""đại gia"" viễn thông trên thế giới cơ bản đã ""bình định"" xong thị trường toàn cầu, nhưng bằng cách riêng của mình, Viettel đã thành công khi ""Go Global"". Viettel Global trở thành một trong những mạch máu kinh tế của các quốc gia đến đầu tư và tiếp tục được nhiều quốc gia trải thảm đỏ, mời sang đầu tư và kinh doanh. Viettel Global làm gì để được săn đón ở nước ngoài? Phó Tổng Giám đốc Tập đoàn Viettel Đào Xuân Vũ cho biết: ""Trong thời gian qua, nhiều quốc gia bày tỏ mong muốn mời Viettel khảo sát đầu tư. Điển hình có thể kể đến chính phủ các quốc gia trong khu vực châu Mỹ Latinh như Cộng hòa Dominica, Venezuela, Nicaragua. Hay tại khu vực Châu Phi, Viettel cũng nhận được lời mời đầu tư tại Uganda và Guinea Bissau. Đây đều là những tín hiệu cho thấy tầm nhìn chiến lược và triết lý kinh doanh của Viettel tại các thị trường là đúng đắn."" So với thời điểm còn nhiều hoài nghi, trăn trở khi bắt đầu đầu tư ra nước ngoài 18 năm trước, Viettel Global đã làm được những gì để trở thành nhà đầu tư được nhiều quốc gia săn đón, trải thảm đỏ? Trong câu chuyện của mình nhìn lại hành trình làm thay đổi đất nước Burundi khi Viettel đặt chân đến thị trường này, anh Nzimana, Trưởng phòng Chăm sóc khách hàng của Lumitel cho biết, trước khi Lumitel chính thức kinh doanh, đã có bốn mạng di động cung cấp dịch vụ ở Burundi, thế nhưng, những mạng di động này chỉ phủ sóng ở thành phố và chất lượng rất tậm tịt. Tất cả đã thay đổi, Nzimana nói rằng, Lumitel như một phép màu giúp họ có thể thực hiện cuộc gọi ngay tại nhà của mình mà không phải trèo lên đỉnh núi để nghe điện thoại như trước đây. Lumitel – thương hiệu của Viettel tại Burundi đã tạo ra một ""kỳ tích"" vươn lên vị trí số 1 chỉ sau ba tháng kinh doanh. Đây là mạng di động duy nhất còn liên lạc thông suốt trên khắp đất nước khi quốc gia này có đảo chính. Tại quốc gia nghèo nhất thế giới này, Viettel còn làm nên kỳ tích thứ hai bằng việc thúc đẩy ví điện tử Lumicash phổ cập đến với người dân Burundi, nơi dòng tiền giao dịch qua ví điện tử tương đương với GDP của cả nước Tương tự như thế, Metfone của Viettel là nhà mạng lớn nhất tại Campuchia, đã phổ cập dịch vụ viễn thông tại Campuchia, góp phần đưa đất nước này trở thành một trong những quốc gia có vùng phủ sóng và tốc độ 4G tốt nhất Đông Nam Á. Tại Haiti, sau 12 năm, Natcom đã đưa quốc gia này trở thành quốc gia có hạ tầng cáp quang lớn nhất khu vực Caribbean. Halotel cũng là nhà mạng đầu tiên tại Tanzania phủ sóng viễn thông toàn quốc, phủ sóng hơn 4000 ngôi làng trắng sóng tại nóc nhà của Châu Phi. Cạnh tranh sòng phẳng với các ông lớn trên thế giới Trong khi nhiều người nghĩ rằng, các nước nghèo thì sẽ khó đuổi kịp các nước giàu nhưng Viettel đã giúp những nước đang phát triển, hoàn toàn có thể ngang bằng với thế giới về viễn thông. Nếu như tại nhiều thị trường, các doanh nghiệp viễn thông hàng đầu thế giới và khu vực như Vodafone, Telefonica, Orange, Digicel… đã có mặt trước Viettel cả chục năm trời, nhưng hầu như không đầu tư nhiều cho hạ tầng băng rộng cáp quang, vùng phủ sóng chỉ tập trung ở các thành phố. Nhưng Viettel, ngay khi mới có mặt, đã tạo ra vùng phủ dịch vụ sâu rộng khắp mọi vùng miền và luôn là doanh nghiệp dẫn đầu thị trường về hạ tầng viễn thông cáp quang, băng thông rộng. Năm 2023, Viettel nằm trong top 20 doanh nghiệp hàng đầu thế giới về đầu tư viễn thông, khẳng định vị thế của tập đoàn trên thị trường quốc tế. Hầu hết các thị trường Viettel Global đầu tư có mức tăng trưởng doanh thu cao trong đó sáu trên 9 thị trường đứng số 1 về thị phần. Thành công của hoạt động đầu tư nước ngoài đã góp phần đưa Viettel trở thành thương hiệu có giá trị đạt xấp xỉ chín tỷ đô la Mỹ, là thương hiệu Việt Nam và thương hiệu viễn thông duy nhất của Đông Nam Á có mặt trên bảng xếp hạng Global 500 của Brand Finance. Viettel giữ vững ngôi vương tại Đông Nam Á, vị trí thứ 9 tại châu Á và 16 trên thế giới. Đại sứ thương hiệu của đất nước Hiện nay, thương hiệu Viettel không còn là thương hiệu của riêng doanh nghiệp mà còn gắn với hình ảnh một Việt Nam năng động, đổi mới, hiện đại, thân thiện, tại các quốc gia Viettel đầu tư. ""Trước khi biết đến Việt Nam thông qua Viettel, thông tin của chúng tôi về đất nước của các bạn không nhiều"", bà Safura Ủy viên Trung ương Đảng Frelimo, Chủ tịch Hội đồng Quản trị của Movitel chia sẻ. Nhưng bây giờ, mọi suy nghĩ đã thay đổi và Chủ tịch Movitel rất tự hào với quyết định chọn Viettel làm đối tác. ""Lumitel đã mang đến sự kết nối, ví như như mang đến sự sống và hy vọng cho những người dân tị nạn. Chúng tôi biết ơn các bạn Việt Nam vì điều đó"", bà Brigitte Mukanga Eno-Trưởng đại diện Cao ủy Liên hợp quốc về người tị nạn (UNHCR) tại Burundi bày tỏ. Chiến lược đầu tư bền vững, cân bằng giữa lợi ích của doanh nghiệp với lợi ích của chính phủ và người dân của Tập đoàn Viettel được đặc biệt đánh giá cao tại các nước sở tại. Viettel đã không ngại khó khăn để vươn tới những nơi xa xôi khó tiếp cận, tới những vùng trũng, thậm chí là trắng về công nghệ thông tin để phục vụ người dân bản địa, giúp người dân tiếp cận tri thức và phát triển. Cho đến ngày hôm nay, những người Viettel vẫn luôn tâm nguyện sứ mệnh đi để dựng xây Tổ quốc, đi để quảng bá hình ảnh doanh nghiệp Việt, con người Việt đến với cộng đồng quốc tế, đi để trở thành cầu nối hữu nghị giữa Việt Nam và các nước trên thế giới.",09/04/2024 08:00 GMT+7,https://tuoitre.vn/giai-ma-ly-do-viettel-tro-thanh-nha-dau-tu-tiem-nang-trong-mat-cac-quoc-gia-20240408174525574.htm,"Nhận được nhiều lời mời đầu tư từ các quốc gia, Viettel Global đã khẳng định được thành công trên thị trường quốc tế. Hơn thế, thương hiệu Viettel gắn với hình ảnh một Việt Nam năng động, đổi mới, giàu lòng nhân ái.",23.0
Thu về hơn 10.000 tỉ đồng từ đấu giá băng tần viễn thôn,"Tại cuộc họp báo thường kỳ của Bộ Thông tin và Truyền thông (TT-TT) chiều 8-4, ông Lê Văn Tuấn, cục trưởng Cục Tần số vô tuyến điện, cho biết tháng 3 vừa rồi bộ tổ chức ba cuộc đấu giá đối với ba khối băng tần B1, C2 và C3. Có băng tần để triển khai thương mại hóa 5G Kết quả, Tập đoàn Viettel trúng đấu giá khối băng tần B1 (2.500 - 2.600 MHz) với giá 7.533 tỉ đồng; Tập đoàn Bưu chính viễn thông Việt Nam (VNPT) trúng đấu giá băng tần C2 (3.700 - 3.800 MHz) với giá 2.581 tỉ đồng. Hai cuộc đấu giá thành công đã mang về cho ngân sách nhà nước tổng cộng hơn 10.000 tỉ đồng. Riêng khối băng tần C3 (3.800 - 3.900 MHz), do chỉ có một doanh nghiệp nộp tiền đặt trước để tham gia đấu giá, nên theo quy định tại Luật Đấu giá tài sản năm 2016, không có đủ số lượng tối thiểu doanh nghiệp đủ điều kiện tham gia đấu giá theo quy định. Vì vậy, cuộc đấu giá khối băng tần C3 không thành công. Ông Lê Văn Tuấn, cục trưởng Cục Tần số vô tuyến điện, nhấn mạnh: ""Đây là lần đầu tiên chúng ta đấu giá thành công băng tần sau 15 năm. Kết quả đấu giá khối B1, C2 rất nghiêm túc, minh bạch"". Tính đến hôm nay, 8-4, Tập đoàn Viettel đã hoàn thành nghĩa vụ nộp các khoản tài chính theo quy định. Tập đoàn VNPT hiện đang làm các thủ tục thanh toán, dự kiến ngày 9-4 cũng hoàn tất các nghĩa vụ này.  Sau khi các doanh nghiệp nộp tiền trúng đấu giá băng tần, Bộ TT-TT xem xét cấp giấy phép sử dụng băng tần theo quy định, ông Tuấn thông tin thêm. ""Việc đấu giá này giúp doanh nghiệp có được tần số để triển khai lưu thông băng rộng. Sau khi triển khai các khối băng tần này, tần số cấp được tăng lên 59% so với lượng tần số hiện nay doanh nghiệp đang được cấp (340 MHz), với tần số mới được cấp thêm 200 MHz. Chắc chắn chất lượng băng rộng di động tăng lên"", ông Lê Văn Tuấn cho biết. Theo Bộ TT-TT, việc đấu giá các băng tần thành công là điều kiện cần thiết, là tiền đề triển khai thương mại hóa 5G trên toàn quốc trong năm 2024, cụ thể hóa mục tiêu phổ cập hạ tầng số quốc gia, thúc đẩy phát triển các ứng dụng số và hệ sinh thái dịch vụ số, tạo động lực mới cho tăng trưởng kinh tế và tăng năng suất lao động. Cảnh giác các trang giả mạo website hỗ trợ lấy lại tiền lừa đảo Đại diện Trung tâm Giám sát an toàn không gian mạng quốc gia (Cục An toàn thông tin) cho biết đã phát hiện trang web giả mạo Trung tâm Giám sát an toàn không gian mạng quốc gia, đăng tải những thông tin quảng cáo về khả năng hỗ trợ nạn nhân lấy lại tiền bị lừa đảo với tỉ lệ thành công lên tới 99,9%. Trung tâm khuyến cáo người dân cần cảnh giác trước các trang web, fanpage mạo danh ""Cục An ninh mạng và phòng chống tội phạm sử dụng công nghệ cao"", ""Học viện An ninh""… với chiêu thức tương tự.",08/04/2024 18:49 GMT+7,https://tuoitre.vn/thu-ve-hon-10-000-ti-dong-tu-dau-gia-bang-tan-vien-thong-20240408175327334.htm,"Đấu giá thành công quyền sử dụng tần số đối với hai khối băng tần đã mang về cho ngân sách nhà nước hơn 10.000 tỉ đồng trong tháng 3-2024, Bộ Thông tin và Truyền thông cho biết.",24.0
Đại học Quốc gia TP.HCM và Đại học Deakin hợp tác chiến lược đào tạo về A,"Chiều nay 8-4, Đại học Quốc gia TP.HCM và Đại học Deakin đã ký kết biên bản hợp tác chiến lược nhằm thúc đẩy hợp tác nghiên cứu, đào tạo về AI và một số lĩnh vực khác. Đẩy mạnh phát triển các dự án nghiên cứu chung trong lĩnh vực AI Theo PGS.TS Vũ Hải Quân - giám đốc Đại học Quốc gia TP.HCM, đại học này đang đẩy mạnh phát triển các chương trình nghiên cứu liên ngành, đặc biệt trong lĩnh vực công nghệ thông tin và AI với mục tiêu trở thành trung tâm hàng đầu về nghiên cứu ứng dụng AI của cả nước và khu vực. Trên cơ sở hơn 10 năm hợp tác nghiên cứu và đồng hướng dẫn nghiên cứu sinh với các giáo sư của Viện Trí tuệ nhân tạo ứng dụng - Applied Artificial Intelligence Institute (A2I2 - trực thuộc Đại học Deakin), Đại học Quốc gia TP.HCM xác định Đại học Deakin là đối tác hợp tác chiến lược trong lĩnh vực AI và công nghệ thông tin. ""Trong thời gian tới, hai bên thống nhất đẩy mạnh phát triển các dự án nghiên cứu chung trong lĩnh vực AI và công nghệ thông tin, đặc biệt nghiên cứu và phát triển ứng dụng AI trong giải quyết các vấn đề lớn của ngành y tế, nông nghiệp, quản lý hành chính công, xây dựng đô thị thông minh… tại Việt Nam. Việc này nhằm góp phần cùng TP.HCM thực hiện chương trình Nghiên cứu và phát triển ứng dụng trí tuệ nhân tạo tại TP.HCM giai đoạn 2020-2030"", ông Quân cho biết thêm. Sinh viên Đại học Quốc gia TP.HCM có thêm cơ hội thực tập tại Đại học Deakin Bên cạnh đó, biên bản ghi nhớ hợp tác chiến lược giữa Đại học Quốc gia TP.HCM và Đại học Deakin ghi nhận cam kết của hai bên trong triển khai đồng thời nhiều lĩnh vực hợp tác. Cụ thể, hợp tác đào tạo và nghiên cứu ở các lĩnh vực y tế cộng đồng, công nghệ sinh học, sản xuất tiên tiến, chuyển đổi số, nông nghiệp, môi trường, phát triển bền vững và thích ứng biến đổi khí hậu. Hợp tác xây dựng các chương trình đào tạo ngắn hạn về quản trị đại học và quản lý công cho lãnh đạo, quản lý các trường đại học, cơ quan nhà nước và doanh nghiệp; gia tăng số lượng và quy mô chương trình trao đổi sinh viên, cung cấp cơ hội thực tập nghiên cứu tại Đại học Deakin cho sinh viên Đại học Quốc gia TP.HCM. Phát triển cơ chế thúc đẩy nhà khoa học của hai bên kết nối, cùng thực hiện các dự án nghiên cứu, đồng tổ chức hội nghị, hội thảo khoa học quốc tế. Đồng thời phối hợp đào tạo đội ngũ giảng viên trẻ cho Đại học Quốc gia TP.HCM.",08/04/2024 15:32 GMT+7,https://tuoitre.vn/dai-hoc-quoc-gia-tp-hcm-va-dai-hoc-deakin-hop-tac-chien-luoc-dao-tao-ve-ai-20240408151426139.htm,Đại học Quốc gia TP.HCM và Đại học Deakin (Úc) chính thức trở thành đối tác chiến lược trong nghiên cứu và phát triển lĩnh vực trí tuệ nhân tạo (AI).,25.0
"Loạt sự cố tấn công mạng, Thủ tướng ra công điện khẩ","Công điện của Thủ tướng đưa ra khi vừa qua một số đơn vị để xảy ra sự cố gây mất an toàn thông tin mạng và tiềm ẩn nguy cơ ảnh hưởng đến an toàn không gian mạng Việt Nam. Đặc biệt là hoạt động tấn công mạng, như mã độc tống tiền (ransomware) tăng mạnh thời gian gần đây và có thể tiếp tục diễn biến phức tạp trong giai đoạn tới, nguy cơ ảnh hưởng nghiêm trọng đến hoạt động phát triển kinh tế - xã hội. Có đầy đủ phương án đảm bảo an toàn thông tin Trong khi đó, nhiều hệ thống thông tin do tổ chức, doanh nghiệp triển khai cung cấp dịch vụ trực tuyến phục vụ người dân, doanh nghiệp có phạm vi, ảnh hưởng sâu rộng tới xã hội. Vì vậy, Thủ tướng cho rằng hệ thống thông tin của cơ quan nhà nước và các tổ chức, doanh nghiệp cần phải được quan tâm, triển khai bảo đảm an toàn thông tin mạng ở mức độ cao nhất. Đồng thời để khắc phục những tồn tại, hạn chế, tăng cường kỷ luật, kỷ cương trong công tác bảo đảm an toàn thông tin mạng, Thủ tướng đề nghị bộ trưởng các bộ, chủ tịch UBND các tỉnh chỉ đạo và phụ trách công tác bảo đảm an toàn thông tin mạng. Các bộ ngành, địa phương chịu trách nhiệm trước pháp luật và Thủ tướng nếu để hệ thống thông tin thuộc phạm vi quản lý không bảo đảm an toàn thông tin mạng, để xảy ra sự cố nghiêm trọng. Tổng rà soát, đánh giá tình hình bảo đảm an toàn thông tin mạng đối với các hệ thống thông tin thuộc phạm vi quản lý theo hướng dẫn của Bộ Thông tin và Truyền thông; gửi kết quả về bộ trước ngày 30-4. Thực hiện nghiêm thời hạn hoàn thành phê duyệt hồ sơ đề xuất cấp độ an toàn cho 100% hệ thống, triển khai đầy đủ phương án bảo đảm an toàn thông tin. Sử dụng thường xuyên các nền tảng hỗ trợ bảo đảm an toàn thông tin, nâng cao hiệu quả hoạt động. Bố trí hạng mục về an toàn thông tin khi xây dựng, triển khai kế hoạch ứng dụng công nghệ thông tin. Bảo đảm tỉ lệ kinh phí để đảm bảo an toàn thông tin mạng, đạt tối thiểu 10% tổng kinh phí. Trường hợp xảy ra sự cố tấn công mạng, tuân thủ nghiêm túc theo quy định và chỉ đạo. Trong đó, cần kịp thời báo cáo sự cố về cơ quan chủ quản, đơn vị chuyên trách ứng cứu sự cố cùng cấp và cơ quan điều phối quốc gia, các cơ quan, doanh nghiệp có chức năng quản lý an ninh mạng. Tuân thủ sự điều phối ứng cứu sự cố của cơ quan điều phối quốc gia và các cơ quan chức năng có liên quan trong việc: thu thập, phân tích thông tin; xử lý, khắc phục sự cố; xác minh nguyên nhân và truy tìm nguồn gốc; phát ngôn và công bố thông tin, báo cáo đầy đủ thông tin, thiệt hại... Săn lùng và loại bỏ các mối nguy hại Với một số bộ ngành liên quan, Thủ tướng yêu cầu rà soát, đánh giá và báo cáo tình hình bảo đảm an toàn thông tin, phê duyệt hồ sơ đề xuất cấp độ an toàn cho 100% hệ thống thông tin, định kỳ kiểm tra, đánh giá an toàn thông tin, săn lùng và loại bỏ các mối nguy hại, ứng phó trước sự cố tấn công mạng. Người đứng đầu Chính phủ cũng giao bộ trưởng Bộ Thông tin và Truyền thông hướng dẫn việc đảm bảo an toàn thông tin mạng; hướng dẫn các cơ quan trong việc bảo đảm an toàn thông tin mạng. Thực hiện việc giám sát, phát hiện và cảnh báo sớm, ứng cứu sự cố an toàn thông tin mạng. Tổng hợp thực tiễn để rút ra các bài học, phổ biến kinh nghiệm để giúp các tổ chức, cá nhân nhận biết, chủ động phòng ngừa, ứng phó sự cố. Tổ chức thanh tra, kiểm tra việc tuân thủ quy định của pháp luật về an toàn thông tin mạng, xử lý nghiêm các trường hợp vi phạm, để xảy ra sự cố mất an toàn thông tin mạng. Sử dụng các nền tảng hỗ trợ bảo đảm an toàn thông tin, tổ chức tuyên truyền, phổ biến pháp luật, nâng cao nhận thức về bảo đảm an toàn thông tin mạng; báo cáo về các nguy cơ rủi ro... Bộ Công an, Bộ Quốc phòng tăng cường bảo đảm an toàn thông tin mạng, tổ chức thanh tra, kiểm tra và xử lý hành vi vi phạm.",08/04/2024 09:20 GMT+7,https://tuoitre.vn/loat-su-co-tan-cong-mang-thu-tuong-ra-cong-dien-khan-20240408085245127.htm,"Thủ tướng Phạm Minh Chính vừa ký ban hành công điện số 33 yêu cầu các bộ, ngành, địa phương tăng cường bảo đảm an toàn thông tin mạng.",26.0
"Hacker nhắm vào người dùng iPhone, tài khoản ngân hàng có thể bị chiếm quyền","Đó là cảnh báo của các chuyên gia khi ngày càng có nhiều mã độc, ứng dụng giả mạo, chiêu trò lừa đảo nhắm đến hệ điều hành iOS, đặc biệt là người dùng iPhone, hòng đánh cắp thông tin cá nhân, xâm nhập tài khoản ngân hàng, cướp tiền...  Trong đó, đáng chú ý là một loại mã độc mới - được đặt tên là GoldPickaxe.iOS - nhắm vào người dùng hệ điều hành iOS để đánh cắp dữ liệu nhận dạng khuôn mặt, giấy tờ tùy thân và theo dõi tin nhắn SMS của người dùng... Đánh cắp dữ liệu nhận dạng khuôn mặt, giấy tờ tùy thân... Mới đây, công ty cung cấp ứng dụng quản lý ví tiền điện tử Leather vừa thông báo một ứng dụng mạo danh công ty này đã xuất hiện trên kho ứng dụng chính thống của Apple (App Store). Một số người dùng đã báo cáo về việc bị đánh cắp tiền điện tử sau khi sử dụng ví điện tử giả mạo này.  Trong khi đó, Leather cho biết chưa cung cấp dịch vụ trên nền tảng iOS (hệ điều hành chạy trên các thiết bị như iPhone, iPad). Điều đáng lưu ý là ứng dụng mạo danh này thậm chí nhận được 4,9/5 sao cùng với nhiều bình luận tích cực trên App Store khiến người dùng dễ dàng tin tưởng là ứng dụng uy tín. Tuy nhiên, theo Leather, tất cả những đánh giá tốt cũng đều là giả mạo.  Điều này khiến nhiều người dùng đặt nghi ngờ về khả năng kiểm tra của Apple - vốn luôn được cho là rất nghiêm ngặt - đối với mọi ứng dụng trước khi được duyệt xuất hiện lên kho ứng dụng, cũng như việc kiểm tra các bình chọn, nhận xét giả mạo. Trước đó, tháng 2-2024 công ty công nghệ an ninh mạng phục vụ điều tra, ngăn chặn và chống tội phạm kỹ thuật số Group-IB (Singapore) cho biết đã phát hiện một loại mã độc mới - được đặt tên là GoldPickaxe.iOS - nhắm vào người dùng hệ điều hành iOS để đánh cắp dữ liệu nhận dạng khuôn mặt, giấy tờ tùy thân và theo dõi tin nhắn SMS của người dùng.  Theo Group-IB, GoldPickaxe không trực tiếp lấy cắp tiền từ điện thoại của nạn nhân. Thay vào đó, nó thu thập tất cả thông tin cần thiết từ nạn nhân để tạo các bản deepfake dạng video giả mạo và tự động chiếm quyền truy cập vào ứng dụng ngân hàng của nạn nhân.  Hơn nữa trong quá trình nghiên cứu, Group-IB phát hiện GoldPickaxe có khả năng yêu cầu nạn nhân quét khuôn mặt và gửi ảnh ID danh tính cá nhân.  Nhóm tội phạm còn yêu cầu số điện thoại để biết thêm nhiều thông tin chi tiết, đặc biệt tìm kiếm thông tin về tài khoản ngân hàng được liên kết với nạn nhân. Đặc biệt, mã độc này được ngụy trang thành các ứng dụng dịch vụ của Chính phủ Thái Lan để lây nhiễm rất giống với thực trạng ứng dụng mạo danh tại Việt Nam hiện nay.  Các chuyên gia Group-IB cũng cho biết phiên bản mã độc nêu trên nhắm vào hệ điều hành Android cũng đã được phát hiện ở Việt Nam. Trong khi đó tại Thái Lan, nhận dạng khuôn mặt là phương thức hiện đang được tin dùng bởi các tổ chức tài chính Thái Lan để xác minh giao dịch và xác thực đăng nhập. Người dùng iPhone bình thường là đích nhắm Trao đổi với Tuổi Trẻ, ông Vũ Ngọc Sơn, giám đốc công nghệ Công ty an ninh mạng NCS, cho biết trước đây mã độc tấn công iOS thường chỉ tập trung vào ""những yếu nhân, những người có nhiều thông tin quan trọng, với các mục đích chính trị"".  Điển hình là mã độc Pegasus tấn công vào một số nhà hoạt động nhân quyền Saudi Arabia. Tuy nhiên, với mã độc GoldPickaxe, mục tiêu tấn công của tội phạm đã mở rộng ra cả những người dùng phổ thông. ""Đích nhắm hướng tới có thể là các tài khoản ngân hàng để chiếm đoạt tiền"" - ông Sơn nhận định và cho biết đang có hai loại mã độc phổ biến nhắm đến iPhone gồm: khai thác lỗ hổng hệ điều hành iOS; lừa người dùng cài đặt ứng dụng.  Cụ thể, với cách khai thác lỗ hổng bảo mật, kẻ tấn công từ xa gửi các đoạn mã thông qua dịch vụ cơ bản của hệ điều hành iOS, thường là dịch vụ iMessage được tích hợp sẵn trên điện thoại iPhone. Hacker cũng có thể gửi cho nạn nhân một đường dẫn truy cập mạng qua tin nhắn hoặc email. Khi nạn nhân bấm vào đường dẫn, mã độc sẽ lây nhiễm vào bộ nhớ điện thông qua lỗ hổng trình duyệt. Sau đó, mã độc theo dõi hoạt động của người dùng, lấy cắp thông tin gồm ảnh, video, tin nhắn, email, các đoạn chat...  Với cách thức lừa người dùng cài đặt ứng dụng có chứa mã độc, hacker sẽ phải dựng lên các kịch bản thao túng tâm lý, đưa ra các hướng dẫn để người dùng cài mã độc lên điện thoại. Đây là chiêu trò đang rất phổ biến ở Việt Nam như mạo danh công an, cơ quan chức năng gọi điện hù dọa người dân, sau đó kết bạn Zalo và hướng dẫn người dân cài đặt các ứng dụng mạo danh VNeID, dịch vụ công, quyết toán thuế... Trong các ứng dụng mạo danh này đều có mã độc được hacker điều khiển từ xa.  ""Nếu không cảnh giác, người dùng iOS vẫn có những nguy cơ bị theo dõi, lấy cắp thông tin hoặc tấn công tài khoản ngân hàng"", ông Sơn cảnh báo. Tương tự, ông Nguyễn Minh Đức, CEO Công ty an ninh mạng CyRadar, cũng cho rằng dù mã độc trên iOS hiếm hơn trên Android nhưng người dùng cũng không nên chủ quan.  Đặc biệt, theo ông Đức, Apple đã thử nghiệm tại phiên bản hệ điều hành iOS 17.4 beta 1 cho phép người dùng có thể cài ứng dụng từ nhiều ""chợ"" ứng dụng thay thế Apple App Store.  ""Điều này có thể dẫn tới các kẽ hở khác để kẻ xấu lợi dụng trong tương lai"", ông Đức cảnh báo.",08/04/2024 06:20 GMT+7,https://tuoitre.vn/hacker-nham-vao-nguoi-dung-iphone-tai-khoan-ngan-hang-co-the-bi-chiem-quyen-20240407213227659.htm,"Một khi iPhone bị lây nhiễm mã độc GoldPickaxe.iOS, ứng dụng ngân hàng nạn nhân cài đặt trên điện thoại cũng có thể bị chiếm quyền truy cập. Và khi đó, tiền trong tài khoản ngân hàng hoàn toàn có khả năng ""không cánh mà bay"".",
Elon Musk tuyên bố sắp trình làng taxi tự lái của Tesl,"""Tesla robotaxi sẽ ra mắt vào ngày 8-8"", tỉ phú Elon Musk, giám đốc điều hành của Tesla, thông báo ngắn gọn trên X vào ngày 5-4 và không tiết lộ thêm chi tiết. Sau thông báo này, cổ phiếu của Tesla đã tăng hơn 3%. Theo Đài CNN, từ lâu tỉ phú Elon Musk đã ấp ủ ý tưởng về xe hơi không cần người lái của Tesla. Ông tin rằng những chiếc xe Tesla sở hữu công nghệ tự lái hoàn toàn sẽ ngày càng được cải tiến qua các bản cập nhật phần mềm. Năm 2019 Tesla cho biết họ sẽ vận hành dịch vụ taxi không người lái (robotaxi) vào năm 2020. Công ty dự đoán những chiếc xe tự lái này sẽ hoạt động được 11 năm và chạy được 1 triệu dặm (hơn 1,6 triệu km). Chủ của những chiếc robotaxi trong tương lai có thể chỉ cần ngồi nhà mà vẫn có thể thu được khoản lợi nhuận 30.000 USD/năm (hơn 750 triệu đồng). Tesla đến nay vẫn chưa cung cấp robotaxi, phương tiện tự hành hay công nghệ có thể biến ô tô của hãng trở thành phương tiện tự hành cấp 3. Tuy nhiên, Tesla đang cung cấp các hệ thống hỗ trợ lái xe tiên tiến (ADAS), bao gồm tùy chọn autopilot tiêu chuẩn hoặc tùy chọn tự lái hoàn toàn (Full Self-Driving, hay FSD) cao cấp. Hiện tại, chủ sở hữu có thể nâng cấp lên tính năng FSD trên mẫu xe Tesla Model 3 với giá 12.000 USD hoặc đăng ký thuê bao với giá 199 USD/tháng. Để thúc đẩy doanh số bán hàng cuối quý, tỉ phú Musk gần đây đã yêu cầu các nhân viên bán hàng và nhân viên dịch vụ phải cài đặt và demo FSD cho khách hàng trước khi giao xe. Mặc dù có tên ""tự lái hoàn toàn"", tùy chọn FSD vẫn yêu cầu có người ngồi sau tay lái để sẵn sàng đánh lái hoặc phanh bất cứ lúc nào. Đối với Tesla, ngày ""ra mắt"" không đồng nghĩa với ngày phát hành thương mại chính thức của sản phẩm mới trong tương lai gần. Chẳng hạn Tesla đã ra mắt xe tải điện hạng nặng Semi vào năm 2017, nhưng mãi đến tháng 12 năm 2022 mới bắt đầu giao hàng. Cho đến nay, Tesla vẫn sản xuất và bán rất ít xe Semi.",06/04/2024 14:58 GMT+7,https://tuoitre.vn/elon-musk-tuyen-bo-sap-trinh-lang-taxi-tu-lai-cua-tesla-20240406125012256.htm,"Ngày 5-4, tỉ phú Elon Musk cho biết hãng xe Tesla sẽ ra mắt taxi tự lái (robotaxi) vào mùa hè 2024 này.",28.0
