Title,Content,Date,Url,Summary
"Du khách ngủ lều, câu cá và cho cá ăn trên biển Phú Quốc","Ngày 30-4, Cảng hàng không quốc tế Phú Quốc cho biết hôm nay có khoảng 36 chuyến bay đưa khách đến đảo Phú Quốc. Ngày mai 1-5, đơn vị dự kiến có khoảng 39 chuyến bay đưa khách đến đảo. Các phà, tàu cao tốc từ TP Rạch Giá, TP Hà Tiên đi TP Phú Quốc chạy khoảng 50 chuyến/ngày để phục vụ đưa rước khách đến đảo vui chơi lễ 30-4. Lễ 30-4 và 1-5 này khách du lịch ở miền Tây lựa chọn đi Phú Quốc ""trốn nắng"" bên gia đình và bạn bè nhiều. Đặc biệt, khách rất thích các tour tuyến trải nghiệm ngủ lều, ngắm hoàng hôn, câu cá và cho cá ăn (gọi là cá lia thia biển) trên biển Phú Quốc. Ông Nguyễn Minh Tâm - giám đốc Công ty ca nô Tâm Đăng Khoa (phường An Thới) - cho biết những ngày trước lễ 30-4 này, du khách dường như không đặt tour tuyến ca nô tham quan tour 4 đảo (Hòn Gầm Ghì, Ốc Móng Tay, Mây Rút Trong và Mây Rút Ngoài) ở phường An Thới. Từ ngày 27-4 đến nay, khách du lịch trong và ngoài nước mới nhộn nhịp đến Phú Quốc. ""Hôm qua chúng tôi chạy 22 chuyến ca nô để đưa khách ra tham quan tour 4 đảo ở Phú Quốc. Khách miền Tây chiếm số đông. Khách rất thích tắm biển, bơi tự do ngắm san hô rồi cho cá lia thia ăn. Khách bơi sát bờ và được nhân viên quan sát hướng dẫn kỹ, đảm bảo an toàn"", ông Tâm nhấn mạnh. ""Các tour trải nghiệm ngủ lều và lên thuyền ra biển câu cá rất được khách chọn đi. Cá câu dính, khách du lịch sẽ tự tay nướng và ăn cùng gia đình. Trải nghiệm tour này khách đều rất hài lòng, vui vẻ"", anh Vũ Văn Hậu - đại diện Công ty TNHH thương mại dịch vụ du lịch Lôi Đỉnh Phú Quốc - nói, và cho biết đi tour trên khách được đảm bảo an toàn, có phao cứu hộ, có bảo hiểm cho khách. ""Phú Quốc mùa này biển đẹp, nước trong xanh. Tour 3 đảo Phú Quốc hôm nay tôi đi có trải nghiệm rất thích. Bơi tự do trên biển, ngắm san hô và cho cá ăn rất tuyệt vời. Vẫn hay nghe Phú Quốc chặt chém, nhưng ra đây tôi thấy giá cả niêm yết rõ ràng. Đợt sau có dịp tôi sẽ quay lại Phú Quốc chơi"", chị Lâm Thị Chân - du khách ở Sóc Trăng - cho hay. Sở Du lịch Kiên Giang cho biết hôm nay Kiên Giang ước đón gần 68.300 lượt khách; khách quốc tế 3.990 lượt. Trong đó, TP Phú Quốc ước đón gần 29.500 lượt khách; tổng doanh thu từ du lịch 102,3 tỉ đồng.",30/04/2024 18:21 GMT+7,https://tuoitre.vn/du-khach-ngu-leu-cau-ca-va-cho-ca-an-tren-bien-phu-quoc-20240430173732173.htm,"Ngoài những điểm vui chơi nổi tiếng, du khách còn vui thích trải nghiệm ngủ lều, câu cá và đặc biệt cho cá ăn giữa biển Phú Quốc trong chuyến nghỉ lễ 30-4 và 1-5 này."
Hai chàng trai đi bộ 'hành quân' đến dinh Độc Lập đúng ngày 30-4,"Muốn đến dinh Độc Lập sáng 30-4 nên đi từ Nam ra Bắc Nếu như dự định trước kia là hành quân theo chiều từ Bắc vào Nam như thế hệ trước, cũng thuận tiện đường đi, nhưng chỉ vì lý do muốn kịp có mặt tại dinh Độc Lập đúng vào ngày thống nhất đất nước mà hai chàng trai cùng tuổi, cùng quê và từng là lính công binh đã quyết định đảo chiều và ""hành quân"" từ Nam ra hướng Bắc. Trong trang phục màu xanh áo lính, nước da ngăm đen sau hơn một tháng đi bộ dưới thời tiết nắng nóng những ngày gần đây, cả Thức và Hiệp đều cho biết những gì mình trải qua đúng kỳ vọng và thu lại những trải nghiệm cực đáng giá. Trải qua 3 tháng huấn luyện khắc nghiệt trong môi trường quân đội, cả hai vẫn chưa thấy đủ, vẫn thấy tò mò về hành trình trèo đèo lội suối, vượt qua mọi khó khăn gian khổ của những người lính Cụ Hồ ngày trước nên quyết tâm thực hiện chuyến đi này. Những quân trang còn giữ lại sau khi đi nghĩa vụ như mũ cối, chăn màn, tăng võng, giày, dép nhựa, áo mưa được cả hai tận dụng. ""Ban đầu chúng tôi định thực hiện chuyến đi vào cuối năm 2022 ngay sau khi xuất ngũ, nhưng vì vài lý do cá nhân nên đành lùi lại. Trong quá trình chuẩn bị tốt nhất cho chuyến đi, cả hai đã có một chế độ ăn uống, rèn luyện sức khỏe khoa học. Ngoài ra chúng tôi còn học thêm các kỹ năng về sơ cấp cứu cơ bản để lỡ may có gặp sự cố còn kịp thời xử lý"", Thức chia sẻ. Thả chim bồ câu vào một ngày đặc biệt 4 thùng chim bồ câu được cả hai chuẩn bị để thả bay lên trời trong ngày đặc biệt này. ""Đây là lần đầu tiên tôi đặt chân đến TP.HCM, lại còn đúng vào dịp lễ 30-4 nữa nên cảm xúc rất đặc biệt. Nhìn hàng dài người xếp hàng để được vào bên trong tham quan, trong tôi lại dâng lên cảm xúc rất khó tả. Chim bồ câu tượng trưng cho sự hòa bình. Tôi và Thức cùng tất cả người dân trên đất nước Việt Nam đều mong muốn được sống trên mảnh đất tự do và hòa bình"", Hiệp xúc động chia sẻ. Dọc đường, nếu gặp nghĩa trang liệt sĩ, cả hai đều dừng lại vào thắp hương. Gặp bà con đang lao động, họ lại xắn tay áo vào làm làm giúp. Họ xin việc làm dọc đường để có thêm kinh phí cho chuyến đi. Có mặt tại dinh Độc Lập vào một ngày rất đặc biệt, cả Hiệp và Thức có biết tất cả đều nằm trong ý đồ và tính toán của cả hai. Vẻ bồi hồi xúc động và tự hào là điều không thể giấu được trên gương mặt của hai chàng trai trẻ. Điểm dừng chân cuối cùng của cả hai sẽ là điểm cực Bắc của Tổ quốc. Dự kiến chuyến đi sẽ hoàn thành vào đầu năm 2025. Càng đi càng hừng hực khí thế, không có ý định bỏ cuộc - đó là tâm trạng của Thức và Hiệp ngay thời điểm này.",30/04/2024 16:40 GMT+7,https://tuoitre.vn/hai-chang-trai-di-bo-hanh-quan-den-dinh-doc-lap-dung-ngay-30-4-20240429234807591.htm,"Xuất phát từ mũi Cà Mau cách đây gần 2 tháng, hai chàng trai 23 tuổi cùng quê ở tỉnh Hải Dương là Bùi Đình Thức và Phạm Đức Hiệp đã kịp có mặt tại dinh Độc Lập vào sáng 30-4."
"Công suất phòng ở TP.HCM tăng nhẹ dịp lễ, du lịch thu hơn 3.000 tỉ đồng","Ngày 30-4, Sở Du lịch TP.HCM đã có báo cáo nhanh về tình hình vui chơi, nghỉ lễ dịp 30-4 và 1-5. Trong dịp lễ năm nay, khách tham quan tại các khu điểm du lịch, vui chơi giải trí... ước khoảng 969.000 lượt, tăng 2% so với cùng kỳ năm 2023. Khách du lịch nội địa đến thành phố ước khoảng 325.000 lượt, tăng 1,6% so với cùng kỳ năm 2023.  Đáng chú ý khách quốc tế đến TP.HCM ước khoảng 54.000 lượt tăng 12,5% so với cùng kỳ năm 2023. Khách lưu trú tại các cơ sở lưu trú ước khoảng 200.000 lượt, tăng 11% so với cùng kỳ năm 2023 (năm 2023 là 180.000 lượt). Công suất phòng ước đạt khoảng 75%, tăng 2,7% so với cùng kỳ năm 2023 (năm 2023 là 73%). Với tình hình trên, doanh thu năm ngày nghỉ lễ ước đạt 3.235 tỉ đồng, tăng 3,4% so với cùng kỳ năm 2023. Theo đánh giá của Sở Du lịch TP.HCM, việc nghỉ lễ dài ngày là cơ sở cho việc gia tăng khách du lịch mạnh mẽ vào dịp 30-4 và 1-5. Khách du lịch có xu hướng đi du lịch tự túc bằng phương tiện cá nhân. Lượng khách gia đình đi du lịch đường bộ đến các điểm xung quanh TP.HCM như Vũng Tàu, Nha Trang, Bình Thuận, Ninh Thuận, Tiền Giang, Cần Thơ, Lâm Đồng... có xu hướng tăng. Do giá vé máy bay tăng cao, xu hướng sử dụng phương tiện vận chuyển đường sắt tăng mạnh.  Đồng thời do thời tiết nắng nóng, du khách chọn đi du lịch trong nước đến các vùng biển và đi du lịch nước ngoài để tăng tính trải nghiệm và tránh thời tiết khắc nghiệt của TP.HCM trong dịp lễ. Các điểm đến truyền thống như Thái Lan, Nhật Bản, Hàn Quốc, Trung Quốc, Singapore, châu Âu và Mỹ tiếp tục được lựa chọn. TP.HCM có nhiều sản phẩm mới, kích cầu du lịch Bắt kịp xu hướng du lịch tại chỗ với những điểm đến, sản phẩm du lịch mới. Các công ty lữ hành đã tiếp tục triển khai nhiều sản phẩm du lịch hấp dẫn, đa dạng, mới lạ tại TP.HCM gắn với sản phẩm du lịch đặc trưng của TP Thủ Đức và 21 quận/huyện như quận 1 - Sắc màu đêm, Thưởng ngoạn sông Sài Gòn bằng buýt sông 2 tầng, Ngắm thành phố về đêm trên xe buýt mui trần 2 tầng, Du lịch cộng đồng Thiềng Liềng, Trăng chiến khu; Tour xe đạp - Ngày bình yên trên vùng đất thép... Hoạt động kích cầu của các điểm du lịch, điểm tham quan tại thành phố sôi động như Khu di tích lịch sử địa đạo Củ Chi giảm 30% giá vé tham quan dịp Lễ kỷ niệm Ngày Giải phóng miền Nam và Quốc tế Lao động; Di tích lịch sử chiến khu Rừng Sác giảm 30% giá vé tham quan dịp Lễ kỷ niệm Ngày Giải phóng miền Nam và Quốc tế Lao động. Thảo cầm viên Sài Gòn có nhiều tiết mục độc đáo như tổ chức cho khách kéo co với hổ, kiểm tra răng, chân, miệng voi; làm lễ thôi nôi bé hươu cao cổ ""Thảo em""...; chương trình tham quan Khu di tích lịch sử Quán Nhan Hương; Triển lãm ảnh ""Thảo cầm viên - Yêu thương đong đầy"", lễ hội ẩm thực ba miền với chủ đề ""Non sông thống nhất"" với quy mô hơn 50 gian hàng, cùng 149 món bánh truyền thống... Công viên du lịch văn hóa Suối Tiên ra mắt ba công trình mới để gia tăng trải nghiệm cho du khách khi vui chơi giải trí tại đây gồm: công trình Phong Linh Điểu cảnh - Vương quốc chim đa sắc màu quy tụ nhiều giống loài quý hiếm và độc lạ; công trình Tinh Tú Thiên Hà - Hành tinh ánh sáng dành cho việc khám phá vũ trụ huyền bí với loạt trò chơi công nghệ thực tế ảo đầy mạo hiểm; công trình Khám phá vũ trụ huyền bí - thế giới game thực tế ảo VR hiện đại. Công viên văn hóa Đầm Sen tổ chức bắn pháo hoa, chương trình nghệ thuật sắc màu kết hợp laser show nhạc nước; diễu hành ""Sắc màu năm châu""; show diễn vui nhộn của chú Hề Sido; show diễn ""Những bạn nhỏ đáng yêu"" tại rạp xiếc Đầm Sen... Chương trình kích cầu du lịch TP.HCM năm 2024 được triển khai từ đầu tháng 4 quy tụ gần 100 doanh nghiệp lữ hành, cơ sở lưu trú, cơ sở ăn uống, mua sắm, vui chơi giải trí... tham gia với 36 chương trình du lịch giảm sâu từ 10 - 60%. Các cơ sở dịch vụ ăn uống mua sắm, chăm sóc sức khỏe, vui chơi giải trí đạt tiêu chuẩn phục vụ khách du lịch có các chương trình giảm giá sâu với 200.000 voucher. Tổng giá trị giảm giá lên đến 50 tỉ đồng. Tuy vậy theo các doanh nghiệp, thời tiết nắng nóng cùng kinh tế khó khăn khiến cho người tiêu dùng cũng cân nhắc chi tiêu.",30/04/2024 14:17 GMT+7,https://tuoitre.vn/cong-suat-phong-o-tp-hcm-tang-nhe-dip-le-du-lich-thu-hon-3-000-ti-20240430135618126.htm,"Sở Du lịch TP.HCM ước tính có khoảng 200.000 lượt khách đến thành phố vui, chơi nghỉ lễ lưu trú qua đêm tại TP.HCM. Công suất phòng ước đạt khoảng 75%, tăng 2,7% so với cùng kỳ năm năm trước."
"Ngày nóng, du khách thích thú khám phá quả cầu Tesla, ngắm thiên văn ở Quy Nhơn","Theo ông Hà, trong dịp lễ 30-4 và 1-5 này, đông đảo du khách trong và ngoài tỉnh đã về tham quan, tìm hiểu Trung tâm Khám phá khoa học Quy Nhơn.  So với cùng kỳ năm ngoái, lượng du khách đến đây tăng mạnh. Mỗi ngày trung tâm bán ra 800 vé tham quan và được mua hết. Có nhiều đoàn khách từ xa đến nhưng hết vé, trung tâm phải sắp xếp đi cùng với những đoàn khác để du khách khỏi lỡ chuyến đi đến đây. “Du khách đến với trung tâm mỗi ngày rất đông. Khác trong tỉnh cũng có, và ngoài tỉnh cũng có. Đa số khách tham quan là khách đi theo đoàn và phần nhiều là học sinh. Khi đến đây, du khách và học sinh rất thích thú với show tham quan điện áp cao và quả cầu Faraday. Ngoài ra, tour tham quan ngắm thiên văn cũng được đông đảo du khách đăng ký.  Mỗi tuần trung tâm tổ chức tham quan 1 buổi vào tối thứ bảy với số lượng tối đa 40 du khách và giá vé 150.000 đồng/người”, ông Hà cho biết thêm. Chị Trần Thu Thủy (du khách đến từ TP.HCM) cho biết: “Quả thật ở đây rất thú vị. Tôi chưa từng thấy các không gian nào như ở đây. Các con tôi vô cùng thích và say mê khi được tham quan, tìm hiểu các mô hình vũ trụ cũng như được chơi các trò chơi tại nơi này. Các cháu vừa được chơi, vừa được học hỏi nên rất ý nghĩa”. Trong khi đó, em Nguyễn Hải Minh (học sinh đến từ Gia Lai) chia sẻ: “Cháu thích nhất là trò chơi điện áp cao. Khi đặt tay lên quả cầu, dòng điện chạy qua thì toàn bộ tóc của người đó dựng ngược lên hết. Trông rất thú vị và độc đáo”.",30/04/2024 12:57 GMT+7,https://tuoitre.vn/ngay-nong-du-khach-thich-thu-kham-pha-qua-cau-tesla-ngam-thien-van-o-quy-nhon-20240430105733076.htm,"Sáng 30-4, ông Nguyễn Hữu Hà, phó giám đốc Sở Khoa học và Công nghệ tỉnh Bình Định, giám đốc Trung tâm Khám phá khoa học và Đổi mới sáng tạo, cho biết những ngày lễ 30-4 và 1-5, lượng vé tham quan bán ra không đủ phục vụ nhu cầu của du khách."
Phá dỡ dàn trụ 100 tuổi cầu Xóm Bóng xưa để đảm bảo an toàn đường thủy,"Dàn mố trụ cầu Xóm Bóng xưa có từ thời Pháp thuộc Toàn bộ dàn trụ cũ của cầu Xóm Bóng xưa tại TP Nha Trang (Khánh Hòa) sẽ bị phá dỡ gồm 14 mố, trụ bê tông cốt thép, xây dựng từ thời Pháp thuộc (năm 1925). Vào năm 1968, cầu Xóm Bóng được chính quyền Việt Nam Cộng hòa xây dựng lại cầu mới dịch về phía hạ lưu sông Cái. Sau đó cầu Xóm Bóng còn qua các lần sửa chữa, xây dựng mới nhưng dàn trụ cầu cũ từ thời Pháp vẫn tiếp tục tồn tại song song bên cạnh cầu mới ở phía thượng lưu. Trong mấy mươi năm qua, Công ty Cấp thoát nước Khánh Hòa đã tận dụng các trụ cầu Xóm Bóng cũ làm các trụ đỡ cho tuyến đường ống nước chính bắc qua sông Cái để cung cấp nước sinh hoạt cho toàn bộ cư dân khu vực phía bắc sông Cái Nha Trang. Gần đây Công ty cổ phần Cấp thoát nước Khánh Hòa đã xây dựng lại ống cấp nước mới, hạ ngầm toàn bộ tuyến đường ống dẫn nước xuống dưới đáy sông Cái Nha Trang. Vừa qua cầu Xóm Bóng được Bộ Giao thông vận tải đầu tư xây dựng mới, đã phá dỡ toàn bộ cây cầu và dàn trụ cầu Xóm Bóng bằng ống thép được xây dựng từ năm 1968 kể trên. Nhưng dàn trụ cầu Xóm Bóng được xây dựng từ thời Pháp vẫn tiếp tục tồn tại bên cầu Xóm Bóng mới được hoàn thành, đưa vào lưu thông từ tháng 9-2023 đến nay. Đảm bảo an toàn cho 500 lượt tàu thuyền/ngày đêm Theo phương án phá dỡ các trụ cầu cũ tại cầu Xóm Bóng, do Sở Giao thông vận tải tỉnh Khánh Hòa công bố, Sông Cái Nha Trang là một tuyến vận tải đường thủy đặc biệt quan trọng của tỉnh Khánh Hòa. Trên sông Cái Nha Trang có 3 tuyến giao thông chính qua lại khu vực cầu Xóm Bóng. Lưu lượng phương tiện qua tuyến đường thủy này cao, khoảng 500 lượt tàu thuyền/ngày đêm. Đa số tàu, thuyền qua lại trên sông Cái là các tàu đánh bắt thủy hải sản, vận chuyển khách du lịch và các phương tiện vận chuyển khác hoạt động liên tục 24/24 giờ. Mặt khác cầu Xóm Bóng mới do Bộ Giao thông vận tải đầu tư xây dựng vừa hoàn thành đưa vào sử dụng kể trên có các khoang cầu lệch, so le nhau với dàn 14 mố, trụ cầu cũ của cầu Xóm Bóng xưa tồn tại trên tuyến đường thủy sông Cái Nha Trang qua lại. Vì vậy phải phá dỡ toàn bộ 14 mố, trụ cầu Xóm Bóng xưa đã có tuổi thọ khoảng 100 năm kể từ khi xây dựng đến nay (mố, trụ cầu được xây dựng trước khi cầu hoàn thành) để đảm bảo an toàn lưu thông đường thủy trên sông Cái Nha Trang qua khu vực cầu Xóm Bóng.",30/04/2024 09:30 GMT+7,https://tuoitre.vn/pha-do-dan-tru-100-tuoi-cau-xom-bong-xua-de-dam-bao-an-toan-duong-thuy-20240429230348536.htm,"Giao thông trên sông Cái Nha Trang sẽ bị hạn chế từ nay đến gần cuối tháng 5-2024, để đảm bảo an toàn khi phá dỡ toàn bộ dàn trụ cũ của cầu Xóm Bóng xưa."
"Hai ngày cuối nghỉ lễ 30-4, 1-5: Đi đâu, chơi gì 'đổi gió'","Kỳ nghỉ lễ 30-4, 1-5 năm nay, nếu bạn không đi chơi xa vẫn có thể tận hưởng một kỳ nghỉ lễ thú vị, vui ""tẹt ga"" với gia đình cùng loạt hoạt động ""đổi gió"" dưới đây. Vui chơi tại khu tổ hợp giải trí - thể thao - ăn uống Nếu bạn lười di chuyển nhưng muốn chơi nhiều trò chơi, ăn nhiều món ngon, vậy nên cân nhắc các tổ hợp vui chơi - giải trí. Vừa khai trương đầu tháng 4 năm nay, khu tổ hợp vui chơi - giải trí - thể thao City Park thuộc dự án The Global City (TP Thủ Đức) đang là cái tên ""hot"" trên mạng xã hội và các tổ hợp vui chơi dịp lễ năm nay. Theo đó, khu tổ hợp này không những hoành tráng mà còn quy tụ nhiều trò chơi mới lạ. Ví như đường đua tốc độ Go-kart ngoài trời trông không khác gì đường đua F1 hay trò chơi tương tác thực tế ảo với công nghệ VR, AR hiện đại, xem phim 7D... Với các gia đình có trẻ nhỏ, City Park cũng có riêng khu vực trò chơi cho trẻ em như vòng xoay ngựa gỗ, xe điện đụng, tàu hỏa du ngoạn… Nếu muốn tiết kiệm chi phí hơn, City Park cũng có khu thả diều thơ mộng miễn phí với cánh đồng lúc xế chiều mộng mơ, đây cũng là khu thả diều mới nổi tại TP.HCM được nhiều bạn trẻ check-in. Trong hai ngày lễ 30-4, 1-5, tại City Park sẽ có những lễ hội như: diễu hành carnival, trình diễn xiếc, trình diễn bong bóng xà phòng khổng lồ... Vào buổi tối, tổ hợp này tổ chức các lễ hội âm nhạc, nhạc nước quy tụ nhiều ca sĩ, ban nhạc nổi tiếng như Bức Tường, Suboi, GDucky, Wean, Pháo, Hurrykng… với phần trình diễn phụ họa của nhạc nước, âm thanh, ánh sáng. Hiện tại, vé vào cổng được miễn phí tới hết tháng 4, với các trò chơi tại khu vực này dao động từ 25.000 - 60.000 đồng tùy trò chơi. Riêng với trải nghiệm đua xe Go-kart, giá vé dao động từ 300.000 - 475.000 đồng. ""Chữa lành"" tại các nông trại - giải trí nghỉ lễ 30-4, 1-5 Cách xa trung tâm thành phố, nhưng những nông trại xanh mướt là một sự lựa chọn ""đổi gió"" mới mẻ những năm gần đây của nhiều gia đình, đặc biệt là các gia đình có con nhỏ cho dịp nghỉ lễ ngắn ngày. Đi chơi tại nông trại được lòng cả người lớn tới trẻ em bởi với người lớn, được đắm chìm trong thiên nhiên tại các nông trại thu nhỏ giúp họ ""chữa lành"" mệt mỏi, xô bồ của công việc, còn với trẻ nhỏ đây là dịp để các bé khám phá thiên nhiên, chơi đùa. Một số địa chỉ nổi tiếng trên mạng xã hội có thể tham khảo như Mây Farm (quận 7), Vietgangz Glamping (TP Thủ Đức), Savora Farm & Glamping (TP Thủ Đức), Harvest Moon (TP Thủ Đức)… Khác với sở thú, các nông trại kết hợp giải trí có thêm nhiều hoạt động vui chơi mới mẻ. Ngoài các hoạt động truyền thống như câu cá, chèo xuồng, hái rau, các nông trại kết hợp giải trí có thêm khu cắm trại riêng, cho thuê lều cắm trại, picnic ngoài trời, hay bài trí thêm nhiều góc ""sống ảo"" phục vụ các nhóm bạn trẻ ""check-in"". Bên cạnh đó, các nông trại cũng cập nhật nhiều thú nuôi độc lạ mới nổi như lạc đà Alpaca, cừu, thỏ, dê, cho thuê quần áo tiện chụp hình. Tham gia lễ hội tại công viên bờ sông Sài Gòn Từ khi đi vào hoạt động hồi đầu năm 2024, công viên bờ sông Sài Gòn thu hút đông đảo người dân đến trải nghiệm, hóng mát, tránh nóng. Dịp lễ 30-4, 1-5 này, công viên bờ sông Sài Gòn diễn ra lễ hội ""Tuần lễ du lịch - ẩm thực và bánh dân gian Nam Bộ - thành phố Thủ Đức"" với quy mô đến 250 gian hàng. Tại lễ hội còn tổ chức các hoạt động trò chơi dân gian, không gian văn hóa đờn ca tài tử Nam Bộ, chương trình giao lưu giữa các câu lạc bộ, giới thiệu và trình diễn phục vụ du khách trong và ngoài nước…",29/04/2024 19:47 GMT+7,https://tuoitre.vn/hai-ngay-cuoi-nghi-le-30-4-1-5-di-dau-choi-gi-doi-gio-20240429165324846.htm,"Ngoài những địa chỉ quen thuộc như công viên nước Đầm Sen, Suối Tiên, Thảo cầm viên… bạn có thể tham khảo những địa chỉ vui chơi mới nổi ""đổi gió"" cho 2 ngày cuối dịp lễ 30-4, 1-5."
"Du khách đến Hà Tiên chằm lá dừa, câu cá và ngồi vỏ lãi ngắm vẻ đẹp đầm Đông Hồ","Ngày 29-4, bà Nguyễn Thị Mộng Quyên - giám đốc Trung tâm Xúc tiến thương mại và du lịch Hà Tiên - cho biết lễ 30-4 và 1-5 này, TP Hà Tiên cũng chỉnh trang các điểm du lịch như: núi Đá Dựng, Thạch Động, bãi biển Mũi Nai… để đón khách du lịch trong và ngoài nước đến tham quan và vui chơi cùng gia đình, bạn bè. Khu du lịch sinh thái làng đầm Đông Hồ, khách du lịch đặc biệt cũng thích đến trải nghiệm nghề chằm lá dừa (nghề có lâu đời ở TP Hà Tiên), câu cá, chài cá, đi dạo ngắm chim cò, còng cọc, ăn trái cây (mít, xoài, dừa, dừa nước…). Du khách sau đó còn có thể ngồi vỏ lãi chiêm ngưỡng nét đẹp làng đầm khi hoàng hôn dần buông xuống khuất sau những vạt rừng đước chạy dài hút cả tầm mắt. ""Qua hai ngày đầu nghỉ lễ (ngày 27, 28-4), TP Hà Tiên ước đón hơn 22.000 lượt khách đến tham quan. Khách vào tham quan đầm Đông Hồ thích lắm. Chúng tôi dự đoán qua lễ này khách du lịch đến địa phương chơi đông hơn"", bà Quyên nói. Sở Du lịch Kiên Giang cho biết tính riêng ngày 29-4, Kiên Giang ước đón 80.700 lượt khách; trong đó khách quốc tế hơn 5.000 lượt và tổng doanh thu du lịch ước đạt 136,3 tỉ đồng. Riêng TP Phú Quốc ước đón hơn 31.000 lượt khách trong và ngoài nước đến chơi lễ 30-4.",29/04/2024 18:39 GMT+7,https://tuoitre.vn/du-khach-den-ha-tien-cham-la-dua-cau-ca-va-ngoi-vo-lai-ngam-ve-dep-dam-dong-ho-20240429172132269.htm,"Trải nghiệm nghề chằm lá dừa, câu cá và ngồi vỏ lãi ngắm vẻ đẹp làng đầm Đông Hồ ở TP Hà Tiên (Kiên Giang) khiến khách du lịch mê tít và có chuyến nghỉ lễ 30-4 nhiều kỷ niệm bên gia đình."
"Vũng Tàu đông nghịt khách, phòng nghỉ, quán xá tăng giá","Ông Trịnh Hàng, giám đốc Sở Du lịch tỉnh Bà Rịa - Vũng Tàu, cho biết trong ngày 29-4, có khoảng 165.000 lượt khách đến tỉnh này nghỉ dưỡng, trong đó chủ yếu tắm biển để ""hạ nhiệt"" với hơn 110.000 khách, còn lại khoảng 52.000 ở lại lưu trú. Theo quan sát từ sáng 29-4, những con đường đổ về Vũng Tàu đông nghẹt xe cộ. Quốc lộ 51 có ùn ứ cục bộ. Do khách đến đông nên các quán xá, phòng nghỉ bình dân ở Vũng Tàu bắt đầu ""tăng nhiệt"". Trong khi các khách sạn lớn, resort sang đã được khách đặt trước có giá cả cụ thể thì giá các phòng nghỉ bình dân tùy thuộc vào chủ và lên giá theo nhu cầu.  Theo tìm hiểu có những phòng nghỉ tăng giá gấp 2 lần so với ngày thường. Công suất buồng ngày 29-4 đạt khoảng 85 - 95% toàn tỉnh. Những quán cà phê, ăn sáng cũng đông nghẹt du khách. Theo ước tính tổng doanh thu du lịch ngày 29-4 đạt hơn 182,5 tỉ đồng, riêng doanh thu lưu trú hơn 125,6 tỉ đồng.",29/04/2024 18:03 GMT+7,https://tuoitre.vn/vung-tau-dong-nghit-khach-phong-nghi-quan-xa-tang-gia-20240429173359667.htm,"Ngày 29-4, lượng du khách đổ về Bà Rịa - Vũng Tàu tăng so với các ngày trước. Du khách về biển để ‘hạ nhiệt’ vì thời tiết nóng nực thì phòng nghỉ bình dân, quán xá ‘tăng nhiệt’."
"Mỗi ngày cả ngàn khách ra Lý Sơn, chủ tịch huyện nói chỗ nghỉ thoải mái","Chiều 29-4, thống kê của Ban Quản lý cảng và cảng vụ đường thủy nội địa tỉnh Quảng Ngãi từ ngày 27 đến 29-4 có gần 7.000 du khách ra đảo Lý Sơn. Dù lượng khách đông nhưng tàu khách vẫn đáp ứng, còn chỗ lưu trú ở Lý Sơn vẫn đảm bảo. Tăng chục chuyến tàu đưa du khách ra Lý Sơn Theo ông Tạ Công Chức - phó giám đốc Ban Quản lý cảng và cảng vụ đường thủy nội địa tỉnh Quảng Ngãi, dịp lễ này lượng khách ra đảo Lý Sơn tăng gấp 4 lần ngày thường. Dù lượng khách tăng cao đột biến so với ngày thường nhưng tại cảng Sa Kỳ, ban quản lý đã sắp xếp, bố trí phương án đưa đón du khách dịp lễ từ sớm và hoàn toàn chủ động, không để khách chờ lâu vì không có tàu. Dịp lễ này, mỗi ngày có khoảng 15 - 18 chuyến di chuyển từ cảng Sa Kỳ ra đảo Lý Sơn. Bình quân 30 phút sẽ có một tàu khách xuất phát. Chính điều này đã giúp du khách thoải mái lựa chọn thời gian đi phù hợp với lịch trình. Ông Chức cho biết dựa trên số lượng khách đăng ký vé trước và dự đoán trong hai ngày lễ còn lại, lượng du khách ra đảo Lý Sơn sẽ giảm nhưng vẫn ở mức cao.  Phiền toái duy nhất cho du khách ra đảo Lý Sơn là thủ tục rời cảng được kiểm soát chặt. Vì vậy, du khách phải xếp hàng chờ làm thủ tục. Đây là điều dễ hiểu bởi những vấn đề an toàn khi di chuyển trên biển. Dịch vụ lưu trú tại đảo Lý Sơn đảm bảo Theo thống kê đảo Lý Sơn có hơn 130 nhà nghỉ, homestay và 7 khách sạn với hơn 1.000 phòng, có thể cùng lúc đáp ứng cho hơn 3.000 du khách. Số lượng du khách những ngày qua ra đảo Lý Sơn đông. Tuy nhiên đa phần du khách thăm thú nghỉ ngơi qua đêm, sáng hôm sau lại trở về thăm thú các điểm đến trong đất liền của tỉnh Quảng Ngãi. Vì vậy, Lý Sơn vẫn đảm bảo phòng cho du khách. Nhóm du khách 12 người từ TP Nha Trang sau hai ngày một đêm ra đảo Lý Sơn du lịch trở về cảng Sa Kỳ chiều 29-4, cho biết việc đi lại đến ăn uống, nghỉ ngơi... tại Lý Sơn đều ổn. Ra Lý Sơn, nhóm chọn ở homestay tại đảo Bé và tỏ ra rất hài lòng. Anh Thiện, một du khách, nói: ""Thời tiết nóng, đổi lại có gió và tắm biển, thăm nhiều danh lam thắng cảnh rất đẹp ở cả đảo Lớn và đảo Bé. Điều chúng tôi vui nhất là được trải nghiệm sống cùng người dân"". Bà Phạm Thị Hương - chủ tịch UBND huyện đảo Lý Sơn (tỉnh Quảng Ngãi) - cho hay kỳ nghỉ lễ 30-4 và 1-5 kéo dài 5 ngày, đến thời điểm này, tất cả khách sạn, nhà nghỉ, homestay đều đã được đăng ký, không còn phòng trống. Tuy vậy, du khách vẫn thoải mái ra đảo Lý Sơn thăm thú mà không lo thiếu phòng ngủ. Bởi đa phần du khách về sau một ngày nên số lượng phòng sẽ trống trở lại, dư sức đáp ứng nhu cầu của du khách mới. UBND huyện Lý Sơn đã tuyên truyền, yêu cầu các chủ nhà nghỉ, homestay, khách sạn… phải niêm yết giá công khai. Trường hợp thu lợi bất chính, nếu phát hiện địa phương sẽ xử lý nghiêm. ""Ngoài ra, UBND huyện cũng vận động người dân tham gia tạo điều kiện chỗ ở cho du khách theo phương thức ""du lịch cộng đồng"" nếu lượng du khách tăng cao hơn nữa và quá tải. Còn hiện tại Lý Sơn vẫn đáp ứng dịch vụ cho khách"", bà Hương nói.",29/04/2024 18:02 GMT+7,https://tuoitre.vn/moi-ngay-ca-ngan-khach-ra-ly-son-chu-tich-huyen-noi-cho-nghi-thoai-mai-20240429171041093.htm,"Nhiều người lo lắng việc du khách ra Lý Sơn quá đông sẽ quá tải chỗ lưu trú. Tuy nhiên, lãnh đạo huyện Lý Sơn khẳng định du khách cứ ra thăm đảo, chỗ lưu trú thỏa mái, đáp ứng nhu cầu."
Một khách sạn ở Hội An đỏ rực ấn tượng với 80 lá cờ Tổ quốc,"Khu lưu trú này nằm ở đường Đào Duy Từ, thành phố Hội An. Hình ảnh những khối nhà được trang hoàng đỏ rực cờ Tổ quốc nhiều ngày qua được cộng đồng mạng chia sẻ và gây hình ảnh ấn tượng. Trao đổi với Tuổi Trẻ Online, tổng quản lý khu lưu trú nói năm nay các nhân viên, quản lý của khu lưu trú muốn tạo ấn tượng cho du khách trong những ngày lưu trú dịp kỷ niệm lễ lớn. ""Khách sạn chúng tôi chủ yếu là khách quốc tế. Dịp lễ này có 80% phòng được khách đặt ở trong tổng số 54 phòng. Do có nhiều người ngoại quốc nên chúng tôi muốn khách hiểu về ý nghĩa của ngày 30-4, chia sẻ với niềm vui chung của người Việt Nam nên khu lưu trú quyết định mua cờ khổ lớn về treo ở ban công tất cả các phòng. Có 80 lá cờ được trang hoàng bao quanh khu lưu trú"" - tổng quản lý khu lưu trú chia sẻ. Theo vị tổng quản lý, sau khi cờ được treo đồng loạt lên các khối nhà lưu trú thì nhiều người đã tới chụp hình, đăng lên Facebook cá nhân. Nhiều khách cũng tò mò hỏi và được nhân viên giải thích đầy đủ về việc đồng loạt treo cờ này. Cả khách lẫn nhân viên khu lưu trú đều bày tỏ niềm vui. Hội An là thành phố du lịch mà khách lưu trú đa phần là khách quốc tế. Mỗi dịp 30-4 hay 2-9 một số khu lưu trú đều tổ chức lồng ghép các chương trình để khách tìm hiểu về lịch sử Việt Nam. Riêng việc đồng loạt treo cờ rực rỡ, trang hoàng ở khu lưu trú thì khá hiếm. ",29/04/2024 17:56 GMT+7,https://tuoitre.vn/mot-khach-san-o-hoi-an-do-ruc-an-tuong-voi-80-la-co-to-quoc-20240429164111426.htm,"Để giới thiệu cho du khách về ngày lễ trọng đại của Việt Nam, một khu lưu trú chuyên dòng khách quốc tế ở Hội An đã đồng loạt treo cờ ở tất cả các ban công trong dịp nghỉ lễ 30-4, 1-5."
Huyền thoại nhạc Jazz Chico Freeman ấn tượng khi dự khai hội Tháp Bà Ponagar Nha Trang,"Diễn ra từ 28-4 đến 1-5 (tức ngày 20 đến 23-3 âm lịch), lễ hội Tháp Bà Ponagar năm nay trùng với dịp nghỉ lễ 30-4 và 1-5 nên du khách đến tham gia đông hơn những năm trước. Trong số đó có huyền thoại nhạc Jazz Chico Freeman. Ông đang ở Nha Trang những ngày qua để tham gia Liên hoan nhạc Jazz quốc tế tại Nha Trang. Chico Freeman bày tỏ ấn tượng khi tham gia lễ hội truyền thống này tại Việt Nam. Ông chia sẻ: ""Tôi rất thích thú với màu sắc của lễ hội truyền thống tại Việt Nam, mọi người tụ tập rất đông với những trang phục rực rỡ khiến không gian ở đây cực kỳ nhộn nhịp, những giai điệu từ những nhạc cụ và nghệ sĩ biểu diễn tại đây cũng khiến tôi rất ấn tượng"". Lễ hội Tháp Bà Ponagar tôn vinh bà Thiên Y A Na - người Mẹ xứ sở Lễ hội Tháp Bà Ponagar diễn ra với các nghi thức truyền thống như: lễ thay y Mẫu, lễ cầu quốc thái dân an, lễ cúng thí thực, lễ cúng giờ tý, lễ khai diên, lễ tôn vương… Bên cạnh đó, còn có hoạt động dâng hương lễ Mẫu của các đoàn khách hành hương, người dân, du khách trong suốt thời gian diễn ra lễ hội. Ông Lê Văn Hoa - phó giám đốc Sở Văn hóa và Thể thao tỉnh Khánh Hòa - cho biết đây là dịp để tôn vinh bà Thiên Y A Na - người Mẹ xứ sở, qua đó nhằm góp phần nêu cao tinh thần trách nhiệm của các ban ngành và nhân dân trong việc bảo tồn và phát huy giá trị văn hóa truyền thống tiêu biểu ở Khánh Hòa đến người dân, du khách trong nước và quốc tế. ""Vì trùng với dịp nghỉ lễ, lễ hội năm nay có khoảng 100 đoàn khách đăng ký dự lễ. Ước tính đón khoảng 70.000 lượt khách hành hương, tham quan. Trong đó, có gần 4.000 đồng bào dân tộc Chăm tại địa phương và các tỉnh lân cận về với lễ hội"" - ông Hoa thông tin. Ngay ngày đầu lễ hội, rất đông người dân và du khách về tham dự với số lượng khoảng hơn 10.000 người. Ban tổ chức đã chuẩn bị đầy đủ cơ sở vật chất, hướng dẫn các đoàn hành hương và du khách đi lễ đảm bảo trật tự, an toàn. Tham gia lễ hội cùng gia đình, chị Miễu Nữ Di Quyên (du khách Ninh Thuận) bày tỏ niềm vui khi lần đầu tiên được đến với lễ hội Tháp Bà Ponagar. ""Đối với đồng bào người Chăm chúng tôi, lễ hội tại Tháp Bà rất ấn tượng vì quy mô lớn và được tổ chức bài bản, mong rằng không những người dân địa phương hay các tín đồ đến hành hương mà cả những du khách quốc tế, lễ hội này sẽ để lại những ấn tượng nhất định khi đến với TP Nha Trang"" - chị Quyên nói.",29/04/2024 15:34 GMT+7,https://tuoitre.vn/huyen-thoai-nhac-jazz-chico-freeman-an-tuong-khi-du-khai-hoi-thap-ba-ponagar-nha-trang-20240429132601297.htm,"Sáng 29-4, lễ hội Tháp Bà Ponagar (TP Nha Trang, Khánh Hòa) chính thức khai mạc, thu hút hàng ngàn người dân và du khách thập phương đến tham gia, trong đó có huyền thoại nhạc Jazz Chico Freeman."
99% khách tới Thánh địa Mỹ Sơn trong kỳ nghỉ lễ là khách quốc tế,"Trao đổi với Tuổi Trẻ Online ngày 29-4, ông Nguyễn Công Khiết, phó giám đốc phụ trách Ban quản lý Di sản văn hóa Mỹ Sơn, cho biết khách tham quan Mỹ Sơn hai ngày đầu kỳ nghỉ lễ có tăng nhưng số lượng không nhiều. 100% khách tới tham quan là khách quốc tế từ Ấn Độ, Úc, Đài Loan… Cụ thể ngày 27-4 có 1.793 khách tham quan, tương đương với gần 190 triệu đồng tiền vé. Ngày 28-4 có 1.440 khách, tiền vé thu được (gồm cả vé tham quan và vé dịch vụ) là trên 200 triệu đồng. Số khách nội địa tham quan Mỹ Sơn mỗi ngày chỉ loanh quanh chừng 100 lượt. Về số lượng khách tham quan hai ngày đầu tiên trong kỳ nghỉ dài ngày dịp 30-4, 1-5, ông Khiết cho biết có tăng nhưng không nhiều. Thậm chí con số này tương đương với một vài ngày trong tháng 4. ""Do tính chất đặc thù của di sản Mỹ Sơn nên khách đến đa phần là khách quốc tế. Dịp lễ 30-4, 1-5 này chủ yếu là kỳ nghỉ của khách nội địa. Cho nên lượng vé bán ra ở Mỹ Sơn không có nhiều thay đổi"", ông Khiết nói. Khu đền tháp Mỹ Sơn gần đây đã ghi nhận sự phục hồi du lịch mạnh mẽ. Nhiều hạng mục, chương trình phục vụ tham quan được đầu tư khiến điểm đến này ngày càng hấp dẫn. Đặc biệt mới đây kết quả khảo cổ học đã công bố việc tồn tại một con đường thiêng bí mật dẫn vào hướng ngược lại với lối tham quan lâu nay khiến Mỹ Sơn thêm thu hút du khách. Trong quý 1 vừa qua, khu đền tháp Mỹ Sơn đón gần 123.000 lượt khách, tăng 46,8% so với cùng kỳ năm ngoái. Trong đó, khách quốc tế ước đạt gần 110.000 lượt, khách Việt khoảng hơn 12.400 lượt.",29/04/2024 15:21 GMT+7,https://tuoitre.vn/99-khach-toi-thanh-dia-my-son-trong-ky-nghi-le-la-khach-quoc-te-20240429103849169.htm,"Những ngày cao điểm lễ, khách tới tham quan tại khu đền tháp Mỹ Sơn (huyện Duy Xuyên, tỉnh Quảng Nam) ghi nhận không tăng so với ngày thường, trong đó khách quốc tế chiếm tỉ lệ gần như tuyệt đối."
Điểm trường Tắk Pổ đẹp lung linh qua mắt nhóm bạn du lịch kết hợp thiện nguyện,"Theo anh Nguyễn Bình Nam (ngụ tại Đà Nẵng), anh cùng nhóm bạn ở Đà Nẵng, Quảng Nam đã chọn kỳ nghỉ lễ bằng cách lên núi cao cắm trại, nấu ăn cho trẻ em nghèo ở nóc Tắk Pổ thay vì ở lại thành phố . Tắk Pổ không xa lạ  Cả nhóm chọn nóc Tắk Pổ, xã Trà Tập, huyện Nam Trà My, tỉnh Quảng Nam để dựng lều trại nghỉ ngơi vui chơi qua đêm. Để chuyến đi ý nghĩa hơn, các thành viên đã tổ chức nấu các món ăn rồi mời gọi bà con cùng trẻ nhỏ trong nóc Tắk Pổ cùng thưởng thức. Trong những ngày cao điểm nắng nóng như thiêu đốt ở miền Trung, ở các vùng núi cao tỉnh Quảng Nam nhiệt độ dịu hơn. Nóc Tắk Pổ nằm trên lưng chừng đồi của sườn núi Ngọc Linh, bà con ở đây gồm 35 hộ, tất cả là đồng bào địa phương sống dựa vào rừng núi. Tắk Pổ là cái tên không xa lạ với nhiều người từ những năm 2019 trở đi. Đây là nóc làng gắn với hình ảnh ngôi trường Tắk Pổ đơn sơ mọc lên như ụ nấm bạc lơ lửng dưới những hàng cau già.  Ở đó, dù gian khó, cách trở nhưng có những cô giáo trẻ tuổi đôi mươi đã dành những năm tháng thanh xuân để dạy học. Điểm đến thiện nguyện  Sau khi câu chuyện về Tắk Pổ được báo Tuổi Trẻ Online đăng tải, các nhà hảo tâm khắp cả nước đã tìm về điểm trường đơn sơ này để thăm cô trò. Nóc làng đẹp như trong tranh hiện lên giữa chân mây đã đốn tim nhiều người. Năm 2022, ngôi trường Tắk Pổ bằng bê tông cốt thép, khang trang sạch sẽ với quy mô gần 1,4 tỉ đồng đã được những tấm lòng thiện nguyện góp công góp của dựng lên.  Ngôi trường như biểu tượng về sự cổ vũ tiếp sức của cộng đồng với nỗ lực dạy học trên vùng cao của những giáo viên tuổi đôi mươi. Tắk Pổ từ đó trở thành một điểm đến của những chuyến du lịch thiện nguyện, địa điểm check in cắm trại nổi tiếng.",29/04/2024 13:13 GMT+7,https://tuoitre.vn/diem-truong-tak-po-dep-lung-linh-qua-mat-nhom-ban-du-lich-ket-hop-thien-nguyen-20240429085838915.htm,"Dành kỳ nghỉ lễ dài ngày để lên nóc Tắk Pổ (huyện Nam Trà My, tỉnh Quảng Nam) du lịch kết hợp thiện nguyện, nhóm bạn trẻ tại Đà Nẵng đã ghi lại những hình ảnh đẹp lung linh của ngôi làng giữa lưng chừng núi."
Chiều nay ở Đà Lạt được nghe hòa nhạc kèn clarinet với đàn tranh,"Trong 2 khung giờ: 16h - 18h và 19h - 21h ngày 29-4, người dân và du khách tại Đà Lạt được thưởng thức miễn phí chương trình hòa nhạc của 2 nghệ sĩ Anna Koch và nghệ sĩ đàn tranh Thu Quyến.  Chương trình diễn ra tại Phố Bên Đồi Creative Studio (bên trong Trung tâm Thanh thiếu niên tỉnh Lâm Đồng, số 10 Lý Tự Trọng, Đà Lạt). Đây là chương trình Connecting the Dots do Đại sứ quán Áo phối hợp với UBND TP Đà Lạt, Phố Bên Đồi Creative Studio thực hiện.  Tại chương trình, 2 nghệ sĩ Áo và Việt Nam sẽ kết hợp với nhau thông qua sự kết nối của âm nhạc và 2 nhạc cụ: kèn clarinet và đàn tranh.  Cả 2 nghệ sĩ sẽ cùng biểu diễn một số bản nhạc đương đại phương Tây và Việt Nam thân quen. Theo ban tổ chức, đây là một sự kết hợp độc đáo và phù hợp. Anna Koch là nghệ sĩ chơi kèn clarinet, là một nhạc sĩ chuyên nghiệp, chuyên sáng tác âm nhạc đương đại và trình diễn ngẫu hứng.  Cô đã dành thời gian theo học tại Đại học Âm nhạc và Diễn xuất Vienna, tốt nghiệp danh dự vào năm 2017.  Cô được trao học bổng 'Start Stipendium Musik' năm 2020 từ Bộ Văn hóa và Nghệ thuật Liên bang Áo.  Anna Koch đã biểu diễn dưới dạng nghệ sĩ solo và nghệ sĩ hòa nhạc tại các hội chợ âm nhạc như Wien modern, Bang on a Can (Mỹ), Klangspuren Schwaz, Impuls Konzerte Graz, Styriarte và Expo Shanghai (2010). Còn nghệ sĩ đàn tranh Thu Quyến tốt nghiệp loại xuất sắc chuyên ngành đàn tranh Trường Quốc gia âm nhạc Huế (nay là Học viện Âm nhạc Huế).  Hiện tại cô đang mở các lớp đào tạo đàn tranh tại gia với mong muốn truyền lửa đam mê và tình yêu âm nhạc nhạc cụ dân tộc cho thế hệ trẻ để vốn quý này được tiếp nối.",29/04/2024 12:33 GMT+7,https://tuoitre.vn/chieu-nay-o-da-lat-duoc-nghe-hoa-nhac-ken-clarinet-voi-dan-tranh-20240429120440657.htm,Người dân và du khách tại Đà Lạt sẽ được thưởng thức miễn phí chương trình hòa nhạc do nghệ sĩ kèn clarinet Anna Koch (người Áo) và nghệ sĩ đàn tranh Thu Quyến thực hiện.
Nhiều điểm du lịch ở Cần Thơ mất khách do nắng nóng,"Ngày 29-4, theo ghi nhận của PV Tuổi Trẻ Online tại một số địa điểm du lịch của TP Cần Thơ, số lượng khách đến vui chơi và trải nghiệm các sản phẩm du lịch có giảm so với cùng kỳ năm ngoái. Theo đó, trong kỷ nghỉ lễ kéo dài này, thời tiết nắng nóng bức, nền nhiệt độ dao động từ 37-39 độ C có thể là một trong những nguyên nhân khiến nhiều du khách ngại ra đường, không muốn đi du lịch. Ông Lê Hải Phúc - giám đốc Làng du lịch sinh thái Ông Đề (huyện Phong Điền, TP Cần Thơ) - cho biết những ngày qua có khoảng 400-500 lượt khách/ngày đến đây vui chơi dù nơi này có không gian mát mẻ, nhiều cây xanh, có hồ bơi... ""Thời điểm này năm rồi chỗ chúng tôi đón từ 600-700 lượt khách/ngày. Có thể do nắng nóng kéo dài nên lượng khách đến khu du lịch không bằng những kỳ nghỉ lễ trước đó"", ông Phúc nói. Tương tự, tại những địa điểm du lịch khác như bến Ninh Kiều, chợ cổ Cần Thơ... lượng khách cũng không nhiều. Ông Nguyễn Hoàng Tuấn - giám đốc Thúy Nga Mekong Travel (quận Ninh Kiều, TP Cần Thơ) - cho biết những ngày qua đơn vị đón khoảng 5 đoàn khách/buổi sáng. Cùng thời điểm năm ngoái là 10 đoàn khách/buổi sáng. ""Kỳ nghỉ này có thể cái nắng gay gắt của thời tiết cũng làm ảnh hưởng ít nhiều đến việc vui chơi của du khách gần xa… Dù ít hay nhiều khách thì chúng tôi cũng phục vụ chu đáo để du khách có những trải nghiệm thú vị nhất về đất và con người xứ Tây Đô, nhất là đối với khách nước ngoài..."" - ông Tuấn nói.",29/04/2024 12:00 GMT+7,https://tuoitre.vn/nhieu-diem-du-lich-o-can-tho-mat-khach-do-nang-nong-20240429105734445.htm,Thời tiết nắng nóng oi bức tại TP Cần Thơ đã ảnh hưởng phần nào đến kế hoạch chơi lễ của nhiều người.
"Suối Tà Má ở Bình Định có gì mà khách Tây, khách ta đều mê?","Trong những ngày nắng nóng hiện nay, mỗi ngày con suối Tà Má đón hàng ngàn du khách đến vui chơi, tắm mát, ăn uống, giải trí cùng gia đình, bạn bè. Suối Tà Má là con suối rất nổi tiếng tại Bình Định. Bên cạnh dòng nước trong vắt, mát lạnh chảy suốt không ngừng, thì dọc đôi bờ suối dài khoảng 2km là dãy cây hoa vàng anh (còn gọi là hoa trang).  Có năm, hoa vàng anh nở rực cả một vùng không gian rộng lớn, khiến hàng trăm du khách mê mẩn vẻ đẹp tự nhiên và lãng mạn của nơi này. Ở thời điểm hiện tại, mặc dù hoa vàng anh không nở rộ, nhưng không vì thế mà sức hấp dẫn của con suối Tà Má bị suy giảm. Ngược lại, hàng ngàn du khách vẫn nườm nượp về đây trong những ngày nghỉ lễ 30-4 và 1-5 này. Để phục vụ khách, người dân đã dựng hàng trăm chòi lá, cột kèo bằng những cây tre mộc mạc dọc hai bên bờ suối. Đây cũng là nơi để du khách dừng chân nghỉ ngơi, nấu nướng, ăn uống. Từ người lớn cho đến trẻ em, ai nấy cũng tỏ ra háo hức trước khung cảnh thiên nhiên thanh bình, mát mẻ nơi đây. Những trò nghịch nước, tắm suối là lựa chọn hàng đầu của rất nhiều du khách. Chị Nguyễn Thanh Mai (ở Gia Lai) cho biết: ""Năm nào tôi cũng đến đây chơi. Suối Tà Má rất đẹp, nước trong và mát lạnh. Tôi và gia đình vô cùng thoải mái khi đến nơi này thư giãn. Các con của tôi rất thích tắm suối. Giữa mùa hè nóng bức oi ả mà tới suối Tà Má là thấy mát rượi"". Trong khi đó, lần đầu tiên đến suối Tà Má, anh Skipp (21 tuổi, đến từ Ireland) tỏ ra rất thích thú trước cảnh vật và con người nơi đây.  ""Tôi cực thích nơi này. Con suối này quá đẹp và yên bình. Mọi thứ đều xanh mát. Tôi thấy mọi người đến đây đều rất vui vẻ. Đặc biệt, người dân lúc nào cũng thân thiện, vui vẻ. Đồ ăn ở đây cũng rất ngon. Ở đây giống như một bức tranh rất đẹp. Các bạn thật may mắn"", anh Skipp cho hay.",29/04/2024 11:22 GMT+7,https://tuoitre.vn/suoi-ta-ma-o-binh-dinh-co-gi-ma-khach-tay-khach-ta-deu-me-20240429095710138.htm,"Dưới cái nóng gần 40 độ C, nhiều du khách trong và ngoài nước đổ về suối Tà Má ở huyện miền núi Vĩnh Thạnh (tỉnh Bình Định) để vui chơi, giải nhiệt."
Dalat Best Dance Crew 2024 sẽ làm Đà Lạt 'nóng như chảo lửa',"Chung kết chương trình lễ hội vũ đạo ngoài trời “Dalat Best Dance Crew 2024 - Hoa Sen Home International Cup” sẽ diễn ra tại quảng trường Lâm Viên (ven hồ Xuân Hương, Đà Lạt) vào 2 ngày 29 và 30-4. Lễ hội với 2 bảng thi đấu chính thức gồm bảng phong trào mở rộng và bảng quốc tế, quy tụ các nhóm nhảy hàng đầu Việt Nam và các nước châu Á như: Indonesia, Thái Lan, Nhật Bản... Ban tổ chức cho biết việc mở rộng đối tượng dự thi bảng phong trào nhằm tạo cơ hội cho các bạn trẻ yêu nhảy được thử sức và hòa mình vào lễ hội vũ đạo ngoài trời lớn nhất Việt Nam. Sau đêm tổng duyệt, thông tin cho hay năm nay các bạn trẻ chuẩn bị nhiều tiết mục lạ và có sự đầu tư về chuyên môn. Các tiết mục vũ đạo sôi động thể hiện tinh thần nhiệt huyết, khẳng định chất riêng của mỗi nhóm, mỗi cá nhân và lan tỏa năng lượng tích cực, đam mê nhảy đến với cộng đồng. Các biên đạo trẻ đã bám sát chủ đề “Be You, Be Unique - Khẳng định chất tôi” mà ban tổ chức đề ra. Với chủ đề này, chương trình mong muốn tìm kiếm màu sắc cá nhân - điều riêng biệt định hình cá tính, sự khác biệt của thế hệ trẻ hiện nay thông qua các màn trình diễn vũ đạo. Đêm chung kết còn quy tụ các nghệ sĩ nổi tiếng, như: ca sĩ Anh Tú, Trương Thảo Nhi, Trung Hiếu, Anh Thi, nhóm nhạc đến từ Thái Lan... Toàn bộ chương trình mở cửa miễn phí để du khách và người dân địa phương tham dự. Chị Trần Diệp Mỹ Dung - phó bí thư Tỉnh Đoàn Lâm Đồng - cho biết: “‘Dalat Best Dance Crew 2024' là một sân chơi hoàn toàn mới, được đầu tư chỉn chu. Cuộc thi tác động và cổ vũ mạnh mẽ đến phong trào nhảy múa trong cả nước cũng như trong địa bàn tỉnh Lâm Đồng. Các nhóm nhảy có cơ hội được cọ xát và hướng đến giá trị sống tích cực. Đây cũng là yếu tố khiến chúng tôi tập hợp các em đến với sân chơi này”.",29/04/2024 11:15 GMT+7,https://tuoitre.vn/dalat-best-dance-crew-2024-se-lam-da-lat-nong-nhu-chao-lua-20240429105622373.htm,"Chung kết Dalat Best Dance Crew 2024 diễn ra trong 2 đêm 29 và 30-4 tại Đà Lạt, dự kiến sẽ có 10.000 người tham gia."
Hươu cao cổ Thảo Em ở Thảo cầm viên được mừng 'đầy năm',"Đại diện Thảo cầm viên Sài Gòn cho biết hươu cao cổ Thảo Em được sinh ra tại đây ngày 29-4-2023. Thảo Em là con cặp hươu Thái - Lan (tên đặt theo nơi sinh của chúng) sang Việt Nam vào năm 2014. Cha mẹ Thảo Em sinh ra và lớn lên tại một vườn thú Thái Lan. Khi đến với Thảo cầm viên, cặp đôi được đặt tên ""Thái"" và ""Lan"". Sau thời gian được ở cùng, cặp đôi này đã sinh được 3 bé hươu con: Chị cả, Thảo Chị, Thảo Em. Hiện chị cả của Thảo Chị và Thảo Em đang sống tại Củ Chi. Chị ba Thảo Chị (được người chăm sóc đặt tên) đã đi lấy chồng. ""Ông xã"" chính là hươu cao cổ gốc Thái cùng đi trên chuyến xe sang Việt Nam với cha mẹ cô. Thảo Em khi mới sinh nặng khoảng 50kg và chiều cao xấp xỉ 2m. Lý giải về cái tên của bé hươu này, ông Mai Khắc Trung Trực - giám đốc Xí nghiệp động vật, Thảo cầm viên Sài Gòn,  cho biết Thảo Em được đặt tên theo bà Huỳnh Thu Thảo, chủ tịch HĐTV công ty. Rất đông du khách đã cùng chung vui buổi sinh nhật với chú hươu dễ thương này. Thảo cầm viên cũng đã chuẩn bị bánh sinh nhật rau củ, quà tặng cho bé hươu. Nhiều bạn nhỏ cũng viết những lời chúc dễ thương, ngây ngô như ""chúc bạn cổ dài hơn; chúc bạn hươu mau ăn chóng lớn…"". Thời gian gần đây Thảo cầm viên liên tục chào đón tin vui khi nhiều động vật đã sinh sản trong môi trường nuôi nhốt. Trong đó có nhiều động vật quý hiếm như hổ, hà mã, hươu...",29/04/2024 10:35 GMT+7,https://tuoitre.vn/huou-cao-co-thao-em-o-thao-cam-vien-duoc-mung-day-nam-20240429102211063.htm,"Sáng 29-4, Thảo cầm viên Sài Gòn tổ chức đầy năm cho hươu cao cổ Thảo Em, buổi tiệc thu hút đông đảo du khách tham gia và cùng hát mừng chú hươu dễ thương này."
"Nắng như thiêu, du khách tới Hội An chỉ dám ra đường vào chiều tối","Theo thống kê, trong ngày 28-4 có hơn 4.700 lượt khách quốc tế vào mua vé tham quan phố cổ Hội An. Con số này vào ngày 27-4 là hơn 5.000. So với cùng kỳ năm trước, số khách quốc tế ghé mua vé trong hai ngày cao điểm lễ tăng từ 14% - 35%. Mức tăng này được cho là không quá lớn. Khách nội địa tới Hội An tăng cao Trong khi đó, lượng khách nội địa ghé phố cổ Hội An ghi nhận trong hai ngày đầu tiên kỳ nghỉ lễ tăng cao, từ 65% đến trên 200%. Theo nhiều doanh nghiệp làm du lịch ở Hội An, sát ngày nghỉ lễ ghi nhận lượng khách lẻ tự đi xe riêng tới đặt phòng khá lớn. Nhóm khách này giúp các cơ sở lưu trú lấp đầy phòng ốc còn dư. Thời tiết những ngày qua tại Hội An nắng nóng như thiêu đốt. Từ sáng sớm đến cuối chiều lượng khách tham quan tản bộ phố cổ không nhiều mà chỉ tập trung từ sau 17h vì quá nóng. Nhiều hoạt động phục vụ tham quan tại Hội An Các doanh nghiệp, Trung tâm Văn hóa - Thể thao và Truyền thanh truyền hình Hội An đã chuẩn bị nhiều chương trình nghệ thuật đường phố phục vụ khách chơi lễ. Có thể kể tới các sự kiện như: Đêm giao lưu âm nhạc đường phố tại số 31 đường Nguyễn Thái Học và tại công viên Kazik vào các tối 29, 30-4; chương trình giao lưu âm nhạc Giai điệu thời gian sẽ diễn ra vào tối 28-4 tại công viên Kazik. Chương trình âm nhạc Tiếng hát cung đàn xưa vào tối 30-4 tại số 31 đường Nguyễn Thái Học; chương trình hòa tấu nhạc cụ dân tộc xuyên suốt các tối 27-4 đến 1-5 tại số 6 đường Nguyễn Thị Minh Khai. Bên cạnh đó, các hoạt động diễn ra thường xuyên trong dịp này bao gồm: lớp dạy hát dân ca Quảng Nam; hoạt động làng nghề, trình nghề truyền thống; hướng dẫn làm búp bê thời tiết và vẽ mặt nạ Nhật Bản; trò chơi bịt mắt đập nồi; trò chơi dân gian bài chòi...",29/04/2024 10:23 GMT+7,https://tuoitre.vn/nang-nhu-thieu-du-khach-toi-hoi-an-chi-dam-ra-duong-vao-chieu-toi-20240429094944585.htm,"Được kỳ vọng sẽ là một kỳ nghỉ bùng nổ du khách và khách nội địa sẽ ùn ùn đổ về phố cổ Hội An, nhưng số liệu hai ngày đầu kỳ nghỉ lễ cho thấy khách tham quan chưa có đột biến lớn."
Hoa hậu cá khuấy động mùa du lịch Phong Nha,"Chiều 28-4, Trung tâm du lịch Phong Nha (Bố Trạch, Quảng Bình) đã tổ chức hội thi ""hoa hậu cá trắm"" trên sông Son để tìm ra con cá trắm đẹp nhất. Phong Nha là trung tâm du lịch của Quảng Bình. Và sông Son là lối dẫn vào động Phong Nha, động khô huyền thoại ở Quảng Bình. Trên sông Son, hàng trăm người dân nuôi cá trắm cùng thi tài nuôi cá trắm. Cuộc thi này do Trung tâm du lịch Phong Nha tổ chức. Nhưng các nội dung thi vẫn gắn liền với đời sống của người dân ven sông, vì người dân hai bên sông là những người trực tiếp nuôi cá trắm trên sông Son. Cuộc thi tổ chức với nhiều phần thi. Trong đó, phần thi cá trắm to, đẹp là phần quan trọng nhất. Năm đội đến từ năm khu dân cư ở thị trấn Phong Nha sẽ tham gia thi. Mỗi đội chọn một con cá to, đẹp, còn sống khỏe mạnh bỏ vào bể kính. Ban tổ chức hội thi sẽ lấy cá ra cân, chấm điểm. Đội chiến thắng sẽ là đội có cá màu sắc tươi sáng, khỏe mạnh, không bị dị tật, dị hình, vây đuôi, lưng, bụng không bị rách hoặc mòn; cân đối giữa 3 phần đầu, thân, đuôi; có tổng số điểm thi cao nhất. Con cá trắm giành giải nhất là con cá to nhất, đẹp nhất. Trước khi thi cá to, các đội thi sẽ thi nội dung cắt thức ăn cho cá nhanh nhất. Sau khi xác định cá hoa hậu, các đội sẽ chọn chế biến 3 món ăn ngon từ cá trắm, trưng bày tại bàn tiệc. Đây là lúc các du khách được tận hưởng vị ngon của cá trắm sông Son. Được biết, hội thi tìm hoa hậu cá trắm sông Son đã được tổ chức nhiều năm qua. Và là điểm đến của nhiều du khách quốc tế đến với Phong Nha. Nhiều cuộc thi, những du khách quốc tế trực tiếp tham gia thi với dân địa phương.",29/04/2024 05:23 GMT+7,https://tuoitre.vn/hoa-hau-ca-khuay-dong-mua-du-lich-phong-nha-20240428215008981.htm,"Đầu mùa du lịch, những hộ nuôi cá trắm trên sông Son (Phong Nha, Quảng Bình) cùng chọn những con cá đẹp nhất, to nhất để tham gia thi “hoa hậu cá trắm” sông Son."
Du khách hào hứng với Carnival NovaWorld Phan Thiet,"Hàng loạt hoạt động vui chơi giải trí hấp dẫn Là điểm phải đến hot hàng đầu miền Nam Việt Nam, đô thị kinh tế du lịch biển và giải trí NovaWorld Phan Thiet quy mô 1.000ha không chỉ hấp dẫn du khách trong và ngoài nước bởi chuỗi dịch vụ tiện ích du lịch, vui chơi giải trí đặc sắc mà còn bởi các lễ hội được tổ chức quanh năm. Chào đón kỳ nghỉ lễ dài ngày 30-4 và 1-5 năm nay, quần thể mang đến chuỗi lễ hội Carnival được tổ chức xuyên suốt kỷ nghỉ từ ngày 27-4 đến 30-4 với nhiều hoạt động vui chơi giải trí, âm nhạc sôi sộng và pháo hoa nghệ thuật rực rỡ sắc màu tạo nên một kỳ nghỉ lễ tràn đầy năng lượng, hứng khởi cho du khách đến với đô thị. Ngay trong ngày đầu tiên của chuỗi lễ hội, từ sáng sớm các công viên vui chơi giải trí, công viên chủ đề trở thành ""tọa độ nóng"" hấp dẫn du khách tham quan, vui chơi. Du khách hào hứng bước vào cuộc phiêu lưu tại Lãnh địa khủng long Dino Park rộng đến 2,5ha với gần 100 mô hình các loài khủng long đã bị tuyệt chủng từ trước kỷ băng hà. Các gia đình liên tục ồ lên thích thú, mắt chữ ""A miêng chữ O"" khi lần đầu tiên được tận mắt chiêm ngưỡng các loài khủng long ăn cỏ hiền lành tại Bình Nguyên khổng lồ, băng qua Hẻm núi hiểm trở với các loài khủng long bay, vượt nguy hiểm tại đầm lầy bí ấn với những loài khủng long bò sát ăn thịt hay chứng kiến cuộc tranh giành lãnh thổ tại khu săn mồi giữa khủng long T-rex lớn nhất Việt Nam (dài tới hơn 27m) và Spino huyền thoạị. Anh Phúc đến từ Đà Lạt cho biết, nghe đến công viên khủng long, tôi chỉ liên tương đến những mô hình đơn điệu nhưng khi đến Dino Park, thật sự bất ngờ. Cứ ngỡ như mình đang bước vào thế giới khủng long thật. Một Lãnh địa khủng long quy mô và và được tái hiện rất chân thực, sinh động, mà trước đây mình chỉ thấy qua sách báo, phim ảnh. Mấy bé nhà mình mê lắm. Ẩm thực bùng vị níu chân các du khách tại chuỗi nhà hàng – Café ven biển như Hải Cảng Seafood, Làng Hải sản Trùng dương, Aloha Beach Club, Cơm niêu Vietnam House; Phố Beer không gian rộng mở, vừa có bia ngon – vừa có ốc, món nướng & lẩu, chuỗi nhà hàng đa phong cách Á – Âu Dragon Hotpot, K-House, Long Beach tại khu quảng trường. Đặc biệt, Café Pinky Garden ngập tràn màu hồng cực kỳ ấn tượng vừa trình làng đã nhộn nhịp du khách check in, khám phá. Lễ hội âm nhạc sôi động Không khí tại quần thể bùng nổ về đêm với tâm điểm lễ hội âm nhạc cùng dàn line up cực đỉnh. Sân khấu giữa biển trời lộng gió tại quảng trường Bikini Beach rộng lớn trong đêm đầu tiên như nổ tung, du khách ai nấy đều choáng ngợp và đứng ngồi không yên trước không gian âm nhạc, ánh sáng đỉnh cao cùng các màn trình diễn đầy cảm xúc và cực cháy của nhiều nghệ sĩ nổi tiếng showbiz Việt như Jimmii Nguyễn, Lân Nhã, Hằng Bingboong, Tuyết Mai, Bảo Ngọc,... Jimmii Nguyễn, một trong những giọng ca bền bỉ suốt hơn 30 năm cùng màn biểu diễn đầy cảm xúc và sôi động tạo nên một không gian âm nhạc đầy thú vị trong đêm 27-4 với những bản hit như Tình xưa nghĩa cũ, Tình như lá bay xa, Hoa bằng lăng,… Lân Nhã – một trong những nghệ sĩ trẻ hát nhạc tình hay nhất hiện nay đã đưa khán giả vào một không gian âm nhạc vừa vừa rộn ràng vừa nồng nàn với loạt ca khúc làm nên tên tuổi như: Gót hồng, Vào hạ, Lời Yêu Thương… ""Không khí sôi động, nhộn nhịp. Cảm giác nghe nhạc giữa quảng trường biển lộng gió biển thật khó tả và tuyệt vời. Đây là một kỳ lễ đáng nhớ và chắn chắn mình sẽ quay lại NovaWorld Phan Thiet vào hè này vì vẫn còn nhiều điểm vui chơi giải trí, ẩm thực gia đình chưa kịp khám phá trong chuyến đi này"", Gia đình chị Thùy Linh bày tỏ. Chỉ trong ngày đầu tiên của chuỗi lễ hội Carnival 30/4, NovaWorld Phan Thiet đã đón hàng chục nghìn lượt khách, mang đến hàng triệu tiếng cười và nhận được vô vàn lời khen ngợi của khách gần xa. Chỉ cách TP.HCM 1 giờ 30 phút di chuyển, NovaWorld Phan Thiet sẵn sàng chờ đón bạn cùng sự kiện Carnival NovaWorld Phan Thiet diễn ra từ 27/4 -30/4 với vạn trải nghiệm hứng khởi.",28/04/2024 19:31 GMT+7,https://tuoitre.vn/du-khach-hao-hung-voi-carnival-novaworld-phan-thiet-20240428164203744.htm,"NovaWorld Phan Thiet vốn đã nhộn nhịp, nay càng thêm bùng nổ khi chuỗi lễ hội Carnival 30-4 chính thức mở màn."
"Du lịch xanh Nam Du, Hòn Sơn thu hút khách dịp lễ 30-4","Ngày 28-4, bà Nguyễn Thị Nghĩa - giám đốc Công ty du lịch Thiên Việt ở TP Rạch Giá - cho biết lễ 30-4 và 1-5 được nghỉ 5 ngày liên tục nên khách du lịch có xu hướng đi tự túc nhiều, khách đoàn cũng có đặt tour Hòn Sơn, Nam Du. Khách ăn gà đồi cháy tỏi, chơi dù kéo ở Hòn Sơn Cũng theo bà Nghĩa, vì vậy, các dịch vụ du lịch ở Hòn Sơn, Nam Du (huyện Kiên Hải) như combo nhà nghỉ, xe honda, ăn uống… được khách đặt đi nhiều. ""Hòn Sơn, Nam Du lễ này rất hút khách. Nam Du hiện có nhiều dịch vụ du lịch mới như dù kéo, phao chuối, lặn ngắm san hô… được khách đặt tour đi nhiều. Chúng tôi thấy đây cũng là điểm mới du lịch ở Nam Du. Khách trải nghiệm thích lắm"", bà Nghĩa nói. Hôm nay tàu cao tốc chạy tuyến TP Rạch Giá - Hòn Sơn, TP Rạch Giá - Nam Du có hơn 12 chuyến/ngày, tăng hơn 4 chuyến tàu so với ngày thường để phục vụ khách du lịch ra đảo chơi lễ. ""Ngày 28, 29 và 30-4, khu cắm trại ở Hòn Sơn của chúng tôi đã được khách đặt hết phòng. Khách ra đây chơi đều thích trải nghiệm chèo sup trên biển, chinh phục núi Ma Thiên Lãnh và ăn gà đồi cháy tỏi, hải sản với giá cả rất phù hợp"", ông Lý Thừa Lợi - phó tổng giám đốc Công ty cổ phần thương mại du lịch Liên Kết Vàng - chia sẻ. Hai ngày đầu nghỉ lễ, Phú Quốc đón khoảng 56.000 lượt khách Sở Du lịch Kiên Giang cho biết qua hai ngày đầu nghỉ lễ 30-4 (tính từ ngày 27, 28-4) Kiên Giang ước đón hơn 95.000 lượt khách, khách quốc tế hơn 11.000 lượt.  Trong đó, TP Phú Quốc ước đón khoảng 56.000 lượt khách; tổng doanh thu du lịch ước đạt hơn 142,9 tỉ đồng. Ông Bùi Quốc Thái - giám đốc Sở Du lịch Kiên Giang - thông tin để phục vụ khách đến chơi lễ 30-4 và 1-5, sở đã có văn bản đề nghị phòng văn hóa và thông tin các huyện, thành phố tăng cường công tác quản lý du lịch, kiểm tra về việc đăng ký giá, niêm yết giá dịch vụ. Địa phương đặc biệt sẽ xử lý nghiêm nếu có xảy ra tình trạng chặt chém khách. Ở các điểm vui chơi trên biển, doanh nghiệp kinh doanh du lịch địa phương cần bố trí lực lượng túc trực, hướng dẫn, phục vụ và đảm bảo an toàn cho du khách.",28/04/2024 18:55 GMT+7,https://tuoitre.vn/du-lich-xanh-nam-du-hon-son-thu-hut-khach-dip-le-30-4-20240428174028243.htm,"Cách TP Rạch Giá khoảng 60-90km đường biển, Nam Du, Hòn Sơn (huyện Kiên Hải, Kiên Giang) chưa bao giờ làm khách du lịch thất vọng về cảnh đẹp của biển, rừng. Lễ 30-4 và 1-5, khách đông đúc chọn điểm này để vui cùng bạn bè."
"Bãi biển Nam Trung Bộ ken kín người dân, du khách đến 'giải nhiệt'","Chiều 28-4, ghi nhận của Tuổi Trẻ Online tại các bãi biển ở TP Nha Trang (Khánh Hòa), TP Tuy Hòa (Phú Yên), TP Quy Nhơn (Bình Định), hàng ngàn người dân, du khách trong và ngoài nước đã tập trung về đây nghỉ mát, tắm biển giải nhiệt sau một ngày nắng nóng gay gắt. Đến Phú Yên vì là địa điểm du lịch mới nổi Tại các bãi biển ở TP Tuy Hòa, hàng ngàn người dân và du khách kéo nhau đến vui chơi, bơi biển.  Trời càng về chiều, lượng người xuống tắm biển càng đông, đặc biệt là hai bên khu vực quảng trường tháp Nghinh Phong. Các bãi giữ xe trên bờ cũng chật kín. Chị Nguyễn Thị Thu Minh (35 tuổi, du khách đến từ TP.HCM) cho biết gia đình chị dự định đi nghỉ lễ tại Phú Quốc, tuy nhiên vì muốn trải nghiệm những vùng đất ""mới nổi"" về du lịch nên cả nhà quyết định đổi địa điểm đến Phú Yên. ""Bãi biển ở TP Tuy Hòa sóng biển không quá lớn, nước biển rất sạch, hơn nữa gia đình tôi lại có con nhỏ nên an toàn được đặt lên hàng đầu. Ngày mai, chúng tôi dự định tham quan Mũi Điện và một số địa điểm du lịch ở huyện Tuy An, sau đó trở về TP.HCM vào chiều thứ tư"", chị Minh chia sẻ. Xế chiều, bãi biển Nha Trang đã đầy người ""giải nhiệt"" Trong khi đó, tại bãi biển ở TP Nha Trang (Khánh Hòa), hàng ngàn người dân và du khách đã đến vui vui chơi, ăn uống, check-in từ khoảng 15h30. Chị Lê Hồng Loan (37 tuổi, du khách từ Bình Dương) chia sẻ: ""Cả nhà tôi vừa đến Nha Trang vào tối hôm qua. Chúng tôi đi đường cao tốc nên cũng khá nhanh và thuận tiện. Tuy nhiên vì không đặt phòng trước nên cả nhà phải thuê khách sạn sâu trong hẻm. Con gái tôi rất thích tắm biển nên khi nghỉ lễ tôi sẽ đưa con đi Vũng tàu hoặc Nha Trang"". Anh Ngọc Thoan (người bán hàng trên bãi biển Nha Trang) cho hay thời tiết nắng nóng du khách thường ra biển trễ từ lúc 15h vì lúc này đã bớt nắng. ""Khách có con nhỏ thường đến đây mua đồ chơi trên cát, hoặc phao bơi giá khoảng 200.000 - 400.000 đồng/phao tùy kích cỡ, chất liệu. Dịp lễ năm nay tôi thấy khách quốc tế nhiều, nhất là khách Trung Quốc và Hàn Quốc"", anh Thoan nói. Theo Ban quản lý vịnh Nha Trang, dọc bãi biển các thành viên của đội tuần tra và cứu hộ, cứu nạn luôn túc trực, tăng cường thường xuyên theo dõi những trường hợp du khách gặp rủi ro khi tắm sẽ kịp thời ứng phó, hỗ trợ. Vì nắng nóng nên bãi biển Quy Nhơn... đông vui chưa từng có Còn tại bờ biển Quy Nhơn đông nghịt người tắm biển tạo nên khung cảnh đông vui chưa từng có. Trên bãi biển và dưới mặt nước, hàng chục ngàn người dân, du khách vui chơi, nhảy múa, tắm biển một cách vui vẻ, hứng khởi. Đa số những người chúng tôi gặp ai cũng cho hay thích ra biển để đón gió mát vì những ngày qua nắng nóng quá khủng khiếp. Anh Đoàn Văn Minh (ở Quy Nhơn) cho biết:  ""Thật sự hôm nay trời quá nắng và nóng bức. Tôi ở trong nhà nhưng không sao chịu nổi. Khi mặt trời dịu bớt, tôi lập tức chạy ra biển để nhảy ùm xuống làn nước mát rượi, trong lành"". Trong khi đó, nhiều phụ huynh cũng đưa con em ra biển để chơi đùa, nghịch cát. Càng về chiều, lượng người đổ ra biển càng đông khiến cho khung cảnh nơi đây rất nhộn nhịp. Đặc biệt, các cụ già cũng theo con cháu ra biển để thay đổi không khí. ""Tôi ở nhà cả ngày thấy ngột ngạt quá. Đi ra biển với các cháu cho khuây khỏa và thoáng đãng. Thật sự nắng như thế này thì quá sức tưởng tượng. Đây là đợt nắng nóng nhất từ trước tới giờ mà tôi từng thấy"", ông Nguyễn Văn Hưng (67 tuổi, ở Quy Nhơn) nói.",28/04/2024 18:39 GMT+7,https://tuoitre.vn/bai-bien-nam-trung-bo-ken-kin-nguoi-dan-du-khach-den-giai-nhiet-20240428174329266.htm,"Du khách và người dân khắp nơi đổ về các bãi biển tuyệt đẹp ở Nha Trang, Tuy Hòa, Quy Nhơn để hóng gió, tắm biển giải nhiệt trong những ngày nắng nóng của kỳ nghỉ lễ 30-4, 1-5."
"Nắng nóng đỉnh điểm, người dân Nghệ An đổ ra sông, suối","Trong gần một tuần qua, tại Nghệ An xảy ra nắng nóng trên diện rộng từ các huyện miền núi tới đồng bằng. Cao điểm mới hai ngày đầu trong đợt nghỉ lễ 30-4 và 1-5, một số nơi ghi nhận nhiệt độ vượt ngưỡng 40 độ C. Ngoài các điểm du lịch biển lâu nay, nhiều người dân và du khách lại lựa chọn các điểm nghỉ dưỡng, du lịch cộng đồng hoặc sông suối tự nhiên ở các huyện miền núi như Con Cuông, Anh Sơn, Quỳ Châu… Tuy các khu vực vùng núi có nhiệt độ cao nhưng nhờ có nhiều cây xanh cùng với các khe, suối tự nhiên, tạo cảm giác mát mẻ cho du khách. Thác Khe Kèm ở Vườn quốc gia Pù Mát, huyện Con Cuông, mỗi ngày đón hàng ngàn lượt du khách ghé thăm, tắm mát. Nếu ở ngoài nắng nóng với nhiệt độ từ 39 - 40 độ C thì khi vào trong thác Khe Kèm, du khách cảm nhận được không gian dễ chịu, trong lành, nhiệt độ trung bình chỉ hơn 20 độ C.  Cùng con hòa mình vào dòng suối mát lạnh, chị Phạm Thị Giang - ngụ TP Vinh, Nghệ An - chia sẻ chuẩn bị kỳ nghỉ lễ năm nay chị tính đưa cả gia đình đi du lịch Nha Trang song chặng bay thẳng từ Vinh - Nha Trang không còn khai thác, hoặc phải bay nối chuyến với giá máy bay đắt nên cuối cùng chị chọn du lịch ở huyện Con Cuông. ""Nắng nóng nên ở các bãi biển đông nghịt người. Tôi thấy không khí ở trên núi này mát mẻ, thoải mái hơn. Chi phí du lịch ở các điểm cộng đồng cũng khá rẻ"", chị Giang nói. Nắng nóng hầm hập từ khoảng 10h sáng tới 15h chiều nên để ""giải nhiệt"", nhiều người thậm chí vào hang núi tránh nắng và đổ ra sông, suối tắm mỗi buổi chiều muộn. ""Mới mấy ngày đầu hè mà trời nắng, oi bức quá. Buổi chiều tôi thường đưa con ra suối để tắm mát và tranh thủ cho cháu học bơi luôn"", chị Dương Thị Hiền, ngụ xã Kỳ Sơn, huyện Tân Kỳ, Nghệ An, nói. Theo Đài khí tượng thủy văn Bắc Trung Bộ, ngày 27-4 tại TP Vinh nắng nóng đặc biệt gay gắt với mức 41,5 độ C, vượt giá trị lịch sử nhiệt độ kỷ lục trước đó (kỷ lục cao nhất tại TP Vinh là 41 độ C vào ngày 5-5-2023).",28/04/2024 18:01 GMT+7,https://tuoitre.vn/nang-nong-dinh-diem-nguoi-dan-nghe-an-do-ra-song-suoi-20240428173308588.htm,"Nhiều người dân Nghệ An tới các sông, suối tắm ""giải nhiệt"" do nắng nóng đỉnh điểm trong kỳ nghỉ lễ 30-4 và 1-5."
"Du khách chen lấn, chờ tàu đi Phú Quốc","Ngày 28-4, ghi nhận của Tuổi Trẻ tại bến tàu Hà Tiên đi Phú Quốc, tỉnh Kiên Giang, nhiều du khách phải đợi xếp hàng dài để được lên tàu cao tốc đi Phú Quốc. Chưa 9h sáng, thời tiết đã bắt đầu nắng gay gắt. Trên bờ, lượng xe ô tô của du khách đậu tại các bến đậu xe cũng đông nghẹt.  ""Đợt nghỉ lễ 30-4 và 1-5 này kéo dài 5 ngày, nên gia đình tôi có bốn người ra Phú Quốc để vui chơi, tắm biển. Ban đầu cũng tính đi xa, nhưng nghe bà con nói biển mùa này đẹp lắm nên chúng tôi quyết định đi Phú Quốc, vừa gần vừa đẹp"", anh Quý, ngụ tỉnh Đồng Tháp, nói. Nhiều người ra Phú Quốc chỉ muốn xem show diễn triệu đô như: ""Nụ hôn của biển cả"" ở thị trấn Hoàng Hôn (phường An Thới), hoặc show diễn ""Sắc màu Venice"", ""Tinh hoa Việt Nam"" ở khu Grand World Phú Quốc... Ông Vũ Văn Khương - tổng giám đốc Công ty cổ phần Tàu cao tốc Phú Quốc - cho hay tàu Express đã điều chỉnh giá vé niêm yết tuyến Rạch Giá - Phú Quốc, Hà Tiên - Phú Quốc giảm mạnh để kích cầu du lịch Phú Quốc.  Cụ thể, nếu như trước đây giá tàu tuyến Rạch Giá - Phú Quốc dao động từ 255.000 - 540.000 đồng/vé thì hiện nay chỉ còn từ 235.000 - 500.000 đồng/vé tùy theo khách là trẻ em, người lớn, người già hay khuyết tật, giảm từ 1,9% đến 16,7%.  Tuyến Hà Tiên - Phú Quốc giá cũ từ 187.000 - 350.000 đồng/vé thì hiện nay chỉ còn từ 160.000 - 330.000 đồng/vé, giảm từ 5,7% đến 26%. ""Nếu như bình thường, tàu Express chạy 4 chuyến/ngày thì đợt lễ này đã tăng thêm 2 chuyến, nâng lên tổng số 6 chuyến/ngày.  Chúng tôi cũng giảm giá để kích cầu du lịch phục vụ du khách đến với Phú Quốc nhiều hơn. Giá vé này giữ đến cuối năm 2024 mới tính tiếp"", đại diện tàu Express nói. Một đại lý tàu cao tốc cho biết tàu Superdong trong đợt lễ này có 4 chuyến/ngày, với giá tàu từ 240.000 - 324.000 đồng/vé/người tùy khách là trẻ em, người già, người lớn. Theo báo cáo của UBND tỉnh Kiên Giang, trong quý 1, tỉnh có trên 2,75 triệu lượt khách du lịch, tăng 22,12% so với cùng kỳ; doanh thu từ du lịch 7.274 tỉ đồng, đạt 36,4%, tăng 35,6% so với cùng kỳ… Tổng thu ngân sách đạt trên 5.000 tỉ đồng, tăng 24,44% so với cùng kỳ. Hình ảnh du khách đi tàu ra Phú Quốc nghỉ lễ 30-4 và 1-5:",28/04/2024 17:10 GMT+7,https://tuoitre.vn/du-khach-chen-lan-cho-tau-di-phu-quoc-20240428161309582.htm,"Ngày 28-4, lượng khách đi Phú Quốc tăng nhanh tại các bến tàu và phải chen lấn chờ rất lâu."
Nhà báo kỳ cựu Richard Quest của Đài CNN: Việt Nam giờ đây thật hấp dẫn,"Đó là những chia sẻ từ Richard Quest, người dẫn chương trình du lịch Quest’s World of Wonder của Đài truyền hình CNN, với Tuổi Trẻ sau khi cùng đoàn phim của CNN đến Việt Nam từ 23-4 để thực hiện những cảnh quay giới thiệu TP.HCM đến khán giả thế giới. Đi tìm những trải nghiệm độc nhất ""Nắng nóng khủng khiếp. Tôi sắp chết đến nơi rồi! Tôi đã từng đến Việt Nam một lần vào 20 năm trước, thời tiết lúc đó không nóng như bây giờ"" - Richard Quest nói khi trao đổi với Tuổi Trẻ tại cuộc hẹn vào cuối tuần. Nói về chương trình du lịch Quest’s World of Wonder, Quest cho biết mỗi tháng sẽ chọn một thành phố để giới thiệu với tiêu chí mang lại cho khán giả nhiều khám phá và trải nghiệm thú vị, độc nhất và hữu ích. Trước khi đến TP.HCM, Quest đã đến nhiều địa điểm nổi tiếng khác như Bangkok, Paris, London và sắp tới là Osaka (Nhật Bản), Melbourne (Úc)... ""Tôi không đến Việt Nam suốt 20 năm qua, và vì vậy tôi quyết định sẽ chọn nơi này làm điểm đến tiếp theo của chương trình. Việt Nam giờ đây thật hấp dẫn, với sự nồng hậu, chào đón du khách từ khắp nơi trên thế giới đổ về, ngày càng đặt trọng tâm vào phát triển du lịch"", ông nói. Để mang lại những góc nhìn và chia sẻ thực tế nhất, bản thân Quest phải trải nghiệm thực tế sinh hoạt ở mỗi điểm đến. Tại Việt Nam, những trải nghiệm đều rất đặc trưng và có phần mới mẻ mà nhiều chương trình khác chưa nhắc đến. Đó là học cách băng qua đường, thưởng thức bánh xèo, trải nghiệm múa rối nước... ""Chúng tôi cũng trò chuyện với nhiều nhân vật, phỏng vấn từ các câu chuyện văn hóa như múa rối nước, À Ố Show, đến góc nhìn phát triển kinh tế, du lịch"", ông tiết lộ. Richard Quest: Du lịch Việt Nam sẽ tăng trưởng mạnh mẽ Richard Quest cho biết rất ngạc nhiên về sự phát triển và hiện đại của Việt Nam, đặc biệt là rất ấn tượng vì sự thân thiện của người Việt, chất lượng thức ăn và dịch vụ đều rất tuyệt vời. Tất cả những yếu tố này sẽ thúc đẩy sự phát triển không ngừng và vượt bậc của du lịch. ""Việt Nam đã sẵn sàng cho sự tăng trưởng đáng kinh ngạc về du lịch, đặc biệt là trong 10 năm tới. Sẽ có rất nhiều người đến tham quan, kéo theo đó là câu chuyện về quản lý du lịch, phát triển bền vững, làm thế nào để không thiệt hại về môi trường. Đó sẽ là thách thức, nhưng cũng là cơ hội"", ông chia sẻ. Đặc biệt, theo ông Quest, với ""sự hỗn loạn một cách có tổ chức"" cùng sự ồn ào, náo nhiệt liên tục khiến TP.HCM có sự khác biệt với những thành phố mà chương trình của CNN từng thực hiện. ""Khi nhìn ra từ cửa sổ khách sạn, tôi thấy những dòng xe máy nối đuôi nhau. Mọi người di chuyển, hoạt động. Mọi thứ ở TP.HCM trông rất mượt mà. Nếu đặt một bản nhạc vào cuộc sống nơi đây, bạn sẽ tưởng tượng như thể những giai điệu sẽ vang lên sau mỗi chuyển động, biến thành phố thành một vở ballet đặc sắc"", Quest ví von. ""Tôi nhìn thấy ở Việt Nam một thế hệ trẻ đang không ngừng tiến về phía trước, nỗ lực phát triển, vươn lên. Chầm chậm mà chắc chắn, Việt Nam đang dần hội nhập vào nền kinh tế lớn hơn, rộng hơn. Và điều hấp dẫn là Việt Nam có 100 triệu dân. Các bạn không phải là một quốc gia nhỏ"", ông nói.",02/05/2024 11:19 GMT+7,https://tuoitre.vn/nha-bao-ky-cuu-richard-quest-cua-dai-cnn-viet-nam-gio-day-that-hap-dan-2024050122371815.htm,"""Tôi nhìn thấy ở Việt Nam một thế hệ trẻ đang không ngừng tiến về phía trước, nỗ lực phát triển, vươn lên"", nhà báo kỳ cựu của Đài CNN nhận xét."
Ổn định giá phòng nghỉ giúp du lịch Huế bội thu dịp lễ,"Ngày 2-5, ông Nguyễn Văn Phúc, giám đốc Sở Du lịch Thừa Thiên Huế, cho biết ngành du lịch tỉnh nhà vừa có một kỳ nghỉ lễ ""bội thu"". Từng dự báo ngành du lịch Huế sẽ gặp khó trước lễ Theo thống kê của ngành du lịch Huế, dịp lễ vừa qua tỉnh này ước đón khoảng 110.000 khách du lịch đến tỉnh để nghỉ lễ 30-4, 1-5. Tổng lượng khách đã đặt phòng lưu trú ước đạt 58.000 lượt (trong đó có khoảng 43.000 khách nội địa và 15.000 khách quốc tế), tổng doanh thu ước đạt 170 tỉ đồng. Công suất phòng bình quân của các cơ sở lưu trú du lịch đạt 85%. Hầu hết các khách sạn, kể cả nhóm khách sạn 4-5 sao và homestay đã kín phòng trong những ngày cao điểm từ 27-4 đến 30-4. Các điểm du lịch nghỉ dưỡng hoặc dịch vụ trải nghiệm gắn với thiên nhiên (đồi núi, suối, thác, biển và đầm phá) và ẩm thực đều kín khách dịp này. Riêng lượng khách vào tham quan các di tích do Trung tâm Bảo tồn di tích cố đô Huế quản lý trong 4 ngày đầu của kỳ nghỉ lễ đạt hơn 58.300 lượt khách (trong số đó có gần 15.000 lượt khách quốc tế mua vé vào tham quan di tích). Tổng doanh thu của di tích dịp này đạt gần 9 tỉ đồng. So với cùng kỳ dịp lễ năm 2023, lượng khách đến Huế tăng 15,8%, doanh thu du lịch tăng 9,7%. Khoảng 1 tuần trước kỳ nghỉ lễ năm nay, ngành du lịch Huế chỉ đưa ra con số khá khiêm tốn dự kiến đón khoảng 65.000 lượt khách đến vui chơi, nghỉ ngơi và tổng doanh thu từ ngành này khoảng 101 tỉ đồng. Nguyên do là vé máy bay nội địa trước lễ khá cao, cộng thêm thời tiết được dự báo nắng nóng kỷ lục, nên ngành du lịch dự báo người dân đến tham quan các điểm di tích sẽ bị ảnh hưởng. Ổn định giá phòng nghỉ giúp ngành du lịch ""bội thu"" Chị Kim Hằng, giám đốc khu du lịch YesHue Eco (huyện Nam Đông, Thừa Thiên Huế), cho biết trong 5 ngày nghỉ lễ, khu du lịch của chị đón hàng ngàn lượt khách đến tắm suối, nghỉ ngơi tránh nóng. ""Lượt khách đến với khu du lịch chúng tôi đông hơn ngày thường gấp nhiều lần. Tuy nhiên không vì thế chúng tôi tăng giá phòng và dịch vụ ở đây. Khu du lịch cũng huy động thêm nhân lực túc trực để phục vụ du khách trong kỳ nghỉ lễ"", chị Hằng nói. Theo ông Nguyễn Văn Phúc, có nhiều nguyên nhân khiến ngành du lịch Huế bội thu dịp lễ này. Đầu tiên là Huế trong thời gian gần đây đã đưa vào rất nhiều sản phẩm du lịch mới như điện Kiến Trung bên trong hoàng cung; phát triển, quảng bá sản phẩm du lịch suối, thác tự nhiên trên địa bàn. Một phần nữa, theo ông Phúc, là khách đến Huế dịp này chủ yếu đi theo đoàn gia đình và thường thuê hoặc tự lái xe đi. Hệ thống đường sá dẫn đến Huế những năm trở lại đây cũng được đầu tư, hoàn thiện với hệ thống cao tốc La Sơn - Túy Loan, Cam Lộ - La Sơn thông suốt… Điều này cũng lý giải được phần nào việc giá vé máy bay dù tăng cao nhưng lượng khách đến Huế vẫn tốt. Điều quan trọng nhất, theo ông Phúc, đó là việc ngành du lịch Huế thường xuyên vận động, kiểm tra các cơ sở lưu trú, nhà nghỉ, khách sạn, homestay… để các đơn vị này ổn định giá phòng, không ""chặt chém"", cũng không hạ giá quá thấp để cạnh tranh. ""Các phòng nghỉ có sự cạnh tranh mà theo tôi là cạnh tranh giá lành mạnh khi không nâng, hạ giá quá nhiều, mà bù lại là tăng chất lượng dịch vụ. Trong kỳ nghỉ lễ, chúng tôi cũng thường xuyên kiểm tra, tiếp nhận phản hồi từ du khách về nạn ""chặt chém"", nhưng đến lúc này chưa ghi nhận phản ánh nào tiêu cực về dịch vụ du lịch ở Huế dịp lễ"", ông Phúc nói.",02/05/2024 10:02 GMT+7,https://tuoitre.vn/on-dinh-gia-phong-nghi-giup-du-lich-hue-boi-thu-dip-le-20240502090406805.htm,"Được dự báo về một kỳ nghỉ lễ đầy khó khăn do vé máy bay cao và nắng nóng, Huế đã có những giải pháp căn cơ giúp ngành du lịch đạt những con số bội thu."
"Khách quốc tế đến Phú Quốc tăng gấp 2,2 lần, khách nội địa giảm","Ngày 2-5, ông Bùi Quốc Thái - giám đốc Sở Du lịch tỉnh Kiên Giang - thông tin về tình hình du lịch trong 5 ngày nghỉ lễ 30-4 và quốc tế lao động 1-5. Theo đó, trong 5 ngày nghỉ lễ, Kiên Giang đón 272.547 lượt khách, tăng 2,9% so với cùng kỳ.  Trong đó, khách du lịch quốc tế 23.911 lượt, tăng gấp 2,4 lần so với cùng kỳ; khách du lịch nội địa 248.636 lượt, giảm 3,6% so với cùng kỳ; khách tham quan các khu, điểm du lịch đạt 178.278 lượt, giảm 6,6% so với cùng kỳ…  Tổng thu từ du lịch đạt gần 600 tỉ đồng, tăng hơn 1,8 lần so với cùng kỳ (do lượng khách quốc tế tăng cao nên tổng thu cao). Riêng TP Phú Quốc ước đón 125.860 lượt khách, tăng 11,7% so với cùng kỳ. Trong đó, khách quốc tế 22.424 lượt, tăng gấp 2,2 lần so với cùng kỳ; khách lưu trú 46.828 lượt, tăng 23,7% so với cùng kỳ. Các doanh nghiệp du lịch tạo cảnh quan xanh, sạch, đẹp, đảm bảo vệ sinh an toàn thực phẩm; tuân thủ các quy định về đăng ký giá, niêm yết giá cả dịch vụ; tăng cường công tác xúc tiến quảng bá để thu hút khách…",02/05/2024 09:11 GMT+7,https://tuoitre.vn/khach-quoc-te-den-phu-quoc-tang-gap-2-2-lan-khach-noi-dia-giam-2024050122124791.htm,"Trong 5 ngày nghỉ lễ, lượng khách du lịch đến Kiên Giang gần 280.000 lượt, trong đó khách quốc tế tăng 2,4%, còn khách nội địa giảm 3,6% so với cùng kỳ. Riêng TP Phú Quốc lượng khách quốc tế là 22.424 lượt, tăng gấp 2,2 lần so với cùng kỳ."
"Du khách chết đuối, hai điểm du lịch tự phát trên suối Nước Lạnh bị buộc tháo dỡ","Tối 1-5, lãnh đạo UBND xã Trường Xuân (huyện Quảng Ninh, tỉnh Quảng Bình) xác nhận chính quyền địa phương đã có quyết định đình chỉ hoạt động với hai điểm du lịch tự phát trên suối Nước Lạnh sau khi có du khách chết đuối. Hai hộ dân là chủ của hai điểm du lịch này cũng phải tự tháo dỡ những hạng mục lán trại, dây đu đã tự xây dựng đón khách trên suối. Chủ của hai điểm du lịch này là bà Hồ Thị Đoan và bà Hồ Thị Đăng (cùng ở xã Ngân Thủy, huyện Lệ Thủy, tỉnh Quảng Bình). Cả hai đã tự ý xây dựng các lán trại, nhà kiên cố trên đất rừng sản xuất để đón khách vào tắm suối Nước Lạnh. Cũng theo chính quyền địa phương, sáng cùng ngày lực lượng chức năng của huyện Quảng Ninh gồm phòng văn hóa, kiểm lâm, ban quản lý rừng và UBND xã Trường Xuân đã đến trực tiếp tại hai điểm du lịch tự phát này để xác minh.  Kết quả xác minh cho thấy mỗi ngày tại đây thu hút hơn 1.000 lượt khách đến tắm. Mức vé vào cổng của khách phải nộp là 20.000 đồng. ""UBND xã sắp tới sẽ làm biển báo nơi nguy hiểm, cấm tắm"", lãnh đạo xã thông tin. UBND huyện Quảng Ninh cũng thông tin: vì vị trí của hai điểm du lịch tự phát này nằm ở giáp ranh giữa Quảng Ninh và Lệ Thủy, nên trong thời gian đến hai huyện sẽ làm việc, bàn bạc để giải quyết theo quy định của pháp luật. Như Tuổi Trẻ Online đã thông tin, chiều 30-4, ông L.V.Đ. (52 tuổi, ở xã An Ninh, huyện Quảng Ninh) đến điểm du lịch suối Nước Lạnh - View Triệu Đô để tắm. Đến chiều cùng ngày, trong lúc đang tắm, ông Đ. không may chết đuối. Thi thể ông Đ. sau đó được cơ quan chức năng tìm thấy. Hiện ông Đ. đã được gia đình đưa về nhà lo hậu sự.",01/05/2024 22:09 GMT+7,https://tuoitre.vn/du-khach-chet-duoi-hai-diem-du-lich-tu-phat-tren-suoi-nuoc-lanh-bi-buoc-thao-do-20240501215018819.htm,"Sau khi du khách chết đuối trên suối Nước Lạnh, chính quyền địa phương đã buộc tháo dỡ hai điểm du lịch tự phát ở đây."
"Mặc tin giả 'bạo động', du lịch Đà Lạt vẫn thắng lớn","Chiều ngày 1-5, khi hầu hết du khách đã rời Đà Lạt sau kỳ nghỉ lễ 30-4 và 1-5 kéo dài 5 ngày, UBND TP Đà Lạt công bố thống kê về du lịch.  Theo đó, vùng du lịch Đà Lạt (Đà Lạt và các huyện lân cận như Đức Trọng, Đơn Dương, Lạc Dương) có khoảng 170.000 lượt khách đến tham quan, nghỉ dưỡng, tăng 41,7% so với cùng kỳ năm 2023. Đại diện UBND TP Đà Lạt bày tỏ sự bất ngờ khi lượng khách đến Đà Lạt vượt dự kiến (100.000 lượt khách) đến 70%.  Đà Lạt vướng nhận định sai lệch về thời tiết, vướng tin giả ""bạo động, biến lớn"". Do đó, khi chốt số liệu, UBND TP Đà Lạt bất ngờ vì mức độ tăng trưởng của du lịch.  Cũng theo đơn vị này, năm 2022 và 2023, lượng du khách đến Đà Lạt trong dịp nghỉ lễ 30-4 và 1-5 rất thấp, thậm chí chỉ tương đương với những ngày cuối tuần. Ông Lê Anh Kiệt, trưởng Phòng Văn hóa Thông tin (UBND TP Đà Lạt), cho biết: ""Rất nhiều yếu tố bất lợi cho Đà Lạt trong cao điểm du lịch vừa qua nhưng khí hậu Đà Lạt mát mẻ đã khiến du lịch Đà Lạt được du khách lựa chọn"". Ông Kiệt lý giải việc lượng khách tăng lên nhưng nội đô Đà Lạt không xuất hiện sự quá tải: ""5 ngày du khách đến luân phiên, xen kẽ nên tổng lượng du khách cùng một thời điểm không quá cao như dịp Tết. Ngoài ra, du lịch Đà Lạt hiện đang phát triển theo liên kết vùng.  Tức Đà Lạt là trung tâm đón khách, ăn uống, nghỉ ngơi, nhưng khu điểm du lịch mới, phù hợp với giới trẻ, còn khách đoàn hầu hết ở ngoại ô và các huyện lân cận. Do đó, luồng di chuyển của du khách thay đổi so với giai đoạn trước. Sở Văn hóa, Thể thao và Du lịch tỉnh Lâm Đồng nhìn nhận các sự kiện giải trí lớn đã giúp du khách có chỗ chơi, chỗ xả stress sau khi đến Đà Lạt tránh nóng.  Trong thời gian từ 27-4 đến 1-5, tại nội ô Đà Lạt có nhiều sự kiện cộng đồng, miễn phí được đầu tư bài bản: lễ hội âm nhạc ngoài trời Đà Lạt Music Festival 2024 - Sweet Love; chung kết chương trình lễ hội vũ đạo ngoài trời Dalat Best Dance Crew 2024 - Hoa Sen Home International Cup; hòa nhạc của hai nghệ sĩ Anna Koch và nghệ sĩ đàn tranh Thu Quyến tại Phố Bên Đồi Creative Studio (số 10 Lý Tự Trọng, Đà Lạt).",01/05/2024 18:06 GMT+7,https://tuoitre.vn/mac-tin-gia-bao-dong-du-lich-da-lat-van-thang-lon-20240501172019018.htm,"170.000 lượt khách đến Đà Lạt nghỉ mát, tham quan bất chấp tin giả bủa vây trong dịp lễ 30-4 và 1-5 là thống kê mới nhất của UBND TP Đà Lạt."
"Du lịch Bà Rịa - Vũng Tàu thắng lớn, công suất phòng lưu trú đạt 80 - 95%","Chiều 1-5, ông Trịnh Hàng, giám đốc Sở Du lịch Bà Rịa - Vũng Tàu, cho biết sau kỳ nghỉ lễ 30-4, 1-5 kéo dài 5 ngày, từ 27-4 đến 1-5, có khoảng 630.000 lượt du khách đến tỉnh này nghỉ dưỡng, tắm biển, vui chơi. Con số này tăng khoảng 25% so với cùng kỳ năm ngoài. Đáng chú ý, khách lưu trú đạt gần 190.000 lượt - tăng khoảng 50% so với cùng kỳ năm 2023. Ngoài ra có gần 29.000 khách quốc tế đến tỉnh này, tăng hơn 92% so với cùng kỳ năm 2023. Theo lý giải của ngành du lịch Bà Rịa - Vũng Tàu, lượng khách đến tỉnh này trong kỳ nghỉ lễ 30-4, 1-5 năm nay đông so với năm ngoái, khách lưu trú cũng tăng hơn là do thời tiết nắng nóng và kỳ nghỉ kéo dài. Ngoài ra các địa phương đã chuẩn bị cơ sở hạ tầng cũng như quán xuyến đảm bảo an toàn, an ninh cho du khách. Còn doanh nghiệp, cơ sở du lịch lớn cũng tổ chức các chương trình ca nhạc ấn tượng với sự tham gia của nhiều ngôi sao ca nhạc đang 'hot', có lượng fan đông đảo. Nhờ đó công suất buồng resort, khách sạn, phòng nghỉ của tỉnh này khoảng 80 - 95%. Tổng doanh thu du lịch Bà Rịa - Vũng Tàu trong 5 ngày qua ước đạt gần 670 tỉ đồng, tăng khoảng 12,49% so với cùng kỳ năm 2023.",01/05/2024 17:18 GMT+7,https://tuoitre.vn/du-lich-ba-ria-vung-tau-thang-lon-cong-suat-phong-luu-tru-dat-80-95-20240501165953043.htm,"Sở Du lịch Bà Rịa - Vũng Tàu cho biết doanh thu du lịch của tỉnh này trong 5 ngày nghỉ lễ 30-4, 1-5 ước đạt gần 670 tỉ đồng."
"112 chuyến bay đến Đà Nẵng thì có 51 chuyến quốc tế, khách nước ngoài tăng mạnh","Ngày 1-5, Sở Du lịch thành phố Đà Nẵng cho biết trong 5 ngày nghỉ lễ (từ ngày 27-4 đến 1-5) sân bay Đà Nẵng đón khoảng 563 chuyến. Bình quân có 112 chuyến bay đến Đà Nẵng mỗi ngày, trong đó có 61 chuyến bay nội địa và 51 chuyến bay quốc tế. Bất chấp thời tiết nắng nóng, tổng lượng khách tham quan, lưu trú tại Đà Nẵng trong dịp nghỉ lễ (5 ngày) đạt hơn 336.000 lượt, tăng 11,6% so với cùng kỳ năm 2023. Việc khách tăng trong dịp lễ chủ yếu là do các đường bay quốc tế phục hồi mạnh, khách quốc tế dịp này đạt khoảng 72.000 lượt, tăng hơn 2 lần so với cùng kỳ năm 2023. Trong khi đó khách nội địa đạt khoảng 264.000 lượt. Qua khảo sát, công suất buồng phòng khối cơ sở lưu trú du lịch 4-5 sao và tương đương đạt 70%. Trong khi đó, các cơ sở lưu trú du lịch từ 3 sao trở xuống công suất bình quân đạt 45%, đa số là khách lẻ. Như dự báo trước lễ, việc khách tăng trưởng chủ yếu do dòng khách nước ngoài đến Đà Nẵng tăng mạnh. Trả lời Tuổi Trẻ Online, một thành viên Hội Lữ hành thành phố Đà Nẵng cho biết điều này đã được dự báo bởi giá vé máy bay trong nước đang neo cao, ảnh hưởng đến chuyến đi của khách. Vị này cho biết giá vé máy bay trong nước cao chiếm từ 1/2 đến 2/3 chi phí chuyến đi ngắn ngày, ảnh hưởng lớn đến trải nghiệm của du khách. ""Giá vé máy bay quá cao ảnh hưởng đến việc khai thác dòng khách ở hai đầu đất nước. Trong dịp này, công ty chúng tôi khai thác dòng khách ở hai đầu đất nước bằng tàu lửa và bán một số tour cho khách đoàn miền Trung đi bằng đường bộ"" - người này nói.",01/05/2024 17:15 GMT+7,https://tuoitre.vn/112-chuyen-bay-den-da-nang-thi-co-51-chuyen-quoc-te-khach-nuoc-ngoai-tang-manh-2024050116461674.htm,"Dịp lễ trung bình mỗi ngày Đà Nẵng đón 112 chuyến bay, trong đó có 61 chuyến bay nội địa và 51 chuyến bay quốc tế. Khách đến Đà Nẵng dịp lễ tăng nhẹ so với cùng kỳ."
"Khánh Hòa thu hơn 1.300 tỉ đồng, du lịch Phú Yên bùng nổ dịp nghỉ lễ 30-4 và 1-5","Sáng 1-5, Sở Du lịch Khánh Hòa cho hay dịp lễ 30-4 và 1-5, toàn tỉnh đón gần 1 triệu lượt khách (trong đó 262.150 lượt khách lưu trú và 707.805 lượt khách tham quan), công suất buồng phòng bình quân đạt 87,4%, tổng doanh thu đạt hơn 1.300 tỉ đồng. Năm nay tổng lượt khách tham quan, lưu trú tăng khoảng 21% so với cùng kỳ (năm 2023 là 798.100 lượt khách tham quan, lưu trú). Theo lãnh đạo Sở Du lịch Khánh Hòa, dịp nghỉ lễ 30-4 và 1-5 là thời điểm đầu hè thích hợp cho chuyến du lịch xa cùng hội, nhóm, gia đình, là cơ hội để các điểm du lịch tại Nha Trang thu hút khách nội địa. Tuy giá vé máy bay tăng cao đã ảnh hưởng đến việc di chuyển của khách du lịch nội địa, với việc đường bộ cao tốc thông suốt từ TP.HCM đi Nha Trang, khách các tỉnh phía Nam đi bằng đường bộ đến Khánh Hòa rất thuận lợi.  Ngoài đường bộ và đường hàng không, đường sắt cũng được khách du lịch nội địa chọn di chuyển trong dịp lễ năm nay. Nhiều chuyến tàu đã được tăng cường. Theo thông tin từ Cảng hàng không quốc tế Cam Ranh, từ 27-4 đến ngày 1-5, tổng số lượt cất hạ cánh tại sân bay quốc tế Cam Ranh đạt khoảng 711 lượt, tăng 36,7% so với cùng kỳ năm 2023. Trong đó, quốc tế có 422 lượt cất hạ cánh, tăng 139% so với cùng kỳ năm 2023 (212 chuyến đến và 210 chuyến đi), tăng trung bình 7 chuyến/ngày so với những ngày trước lễ Bay nội địa có 289 lượt cất hạ cánh, giảm 20% so với cùng kỳ năm 2023 (143 chuyến đến và 146 chuyến đi); tăng trung bình 7 chuyến/ngày so với những ngày trước lễ. Tổng thu du lịch Phú Yên dịp nghỉ lễ 30-4, 1-5 tăng hơn 56% so với năm ngoái Du lịch Phú Yên bùng nổ và tăng trưởng mạnh trong dịp nghỉ lễ 30-4, 1-5, khi tổng thu từ khách du lịch ước đạt 131 tỉ đồng, tăng 56,3% so với cùng kỳ năm trước. Trong đó, doanh thu lưu trú đạt 22,14 tỉ đồng, tăng 45,7% so với cùng kỳ năm trước. Ngày 1-5, bà Nguyễn Thị Hồng Thái - giám đốc Sở Văn hóa, Thể thao và Du lịch tỉnh Phú Yên - cho biết từ ngày 27-4 đến 1-5, tổng lượt khách du lịch đến Phú Yên đạt 54.750 lượt khách, tăng 28,5% so với dịp nghỉ lễ này năm trước, trong đó có 830 khách quốc tế, tăng 45,6% so với cùng kỳ năm trước. Theo bà Thái, tổng lượt khách lưu trú đạt 36.900 lượt khách, tăng 33,2% so với cùng kỳ năm trước, trong đó có 620 khách quốc tế, tăng 37,7% so với cùng kỳ năm trước. ""Công suất sử dụng phòng trung bình khoảng 60%, riêng tại một số khách sạn có quy mô lớn và khách sạn khu vực gần biển công suất phòng vào ngày 28 và 29-4 đạt khoảng 80 - 100%"" - bà Thái cho hay. Đáng chú ý, tổng thu từ khách du lịch đạt 131 tỉ đồng, tăng 56,3% so với cùng kỳ năm trước, trong đó doanh thu lưu trú đạt 22,14 tỉ đồng, tăng 45,7% so với cùng kỳ năm trước. Ngoài ra, các đơn vị lữ hành trong tỉnh đã chuẩn bị tốt các phương tiện vận chuyển khách, tích cực xây dựng chương trình tour hấp dẫn, giúp du khách có nhiều trải nghiệm về văn hóa, lịch sử, danh thắng Phú Yên. Quảng Nam thu 600 tỉ đồng dịp lễ Dịp lễ năm nay kéo dài trong 5 ngày, tỉnh Quảng Nam tổ chức nhiều hoạt động văn hóa, văn nghệ đặc sắc phục vụ người dân, du khách như chương trình giao lưu âm nhạc đường phố, âm nhạc giai điệu thời gian, âm nhạc tiếng hát cung đàn xưa, chương trình hòa tấu nhạc cụ dân tộc, trình diễn nghệ thuật Hội An - sắc màu của lụa, chương trình nghệ thuật đêm Hoài giang trên sông Hoài, trò chơi dân gian bịt mắt đập nồi, bài chòi.  Khu du lịch sinh thái Cổng Trời Đông Giang tổ chức khai trương sản phẩm, show Ký ức Hội An, Vinwonder Nam Hội An tổ chức bắn pháo hoa thu hút khách. Trong dịp lễ 30-4 và 1-5, tỉnh ghi nhận sự tăng về lượt khách quốc tế so với cùng kỳ năm ngoái. Tuy nhiên do diễn ra trong bối cảnh thời tiết nắng nóng gay gắt, có nơi nhiệt độ lên đến 40 độ C, cộng với giá vé máy bay tăng cao nên khách nội địa giảm nhiều so với cùng kỳ năm 2023. Tổng lượt khách tham quan và lưu trú du lịch đến Quảng Nam dịp lễ này ước đạt 233.000 lượt, giảm 5% so với cùng kỳ năm ngoái. Trong đó khách quốc tế ước đạt 132.000 lượt, tăng 10% so với cùng kỳ năm ngoái, khách nội địa ước đạt 101.000, giảm 19% so với cùng kỳ. Công suất sử dụng phòng trên địa bàn tỉnh đạt 75-90%, trong đó nhóm khách sạn từ 3-5 sao đạt từ 80-100%, lượng khách đông nhất từ ngày 28-4 đến 30-4. Doanh thu từ tham quan, lưu trú du lịch trong 5 ngày lễ từ 27-4 đến 1-5 ước đạt 600 tỉ đồng.",01/05/2024 12:35 GMT+7,https://tuoitre.vn/khanh-hoa-thu-hon-1-300-ti-dong-du-lich-phu-yen-bung-no-dip-nghi-le-30-4-va-1-5-20240501112239246.htm,"Trong 5 ngày nghỉ lễ, Khánh Hòa đón 969.955 lượt khách tham quan, nghỉ dưỡng, tổng doanh thu đạt hơn 1.300 tỉ đồng."
"Cơ sở lưu trú ‘cháy’ phòng, người dân có nên tự phát lên Điện Biên Phủ những ngày tới?","Đại diện Sở Văn hóa, Thể thao và Du lịch tỉnh Điện Biên cho biết ngay từ đầu tháng 3-2024, khách du lịch đến Điện Biên tăng mạnh. Càng gần ngày kỷ niệm 70 năm Chiến thắng Điện Biên Phủ, lượng phương tiện và du khách đổ về các điểm di tích càng đông. Trên địa bàn TP Điện Biên Phủ có sáu di tích luôn đông khách tham quan, gồm: Đồi A1; Nghĩa trang liệt sĩ A1; Bảo tàng Chiến thắng lịch sử Điện Biên Phủ; Đền thờ liệt sĩ tại chiến trường Điện Biên Phủ; Hầm tướng Đờ Cát và Sở Chỉ huy chiến dịch Điện Biên Phủ tại xã Mường Phăng. Trong đó, cụm di tích Đồi A1, Nghĩa trang liệt sĩ A1 và Bảo tàng Chiến thắng lịch sử Điện Biên Phủ là điểm hút đông du khách nhất. Những ngày gần đây, chỉ tính lượng du khách về các điểm này ước khoảng 3.000 - 4.000 người mỗi ngày. Ông Đoàn Văn Chì - phó giám đốc Sở Văn hóa - Thể thao và Du lịch tỉnh Điện Biên, cho biết hiện nay các nhà nghỉ, khách sạn tại TP Điện Biên Phủ đều đã kín chỗ. Tuy thế, thành phố Điện Biên Phủ vẫn có thể đón thêm khoảng 2.000 người ở trong mạng lưới gần 150 nhà dân có phòng dôi dư, đáp ứng được các điều kiện về an ninh trật tự, phòng cháy chữa cháy và cơ sở vật chất kỹ thuật tham gia cung cấp dịch vụ phục vụ khách lưu trú dịp này. Danh sách, thông tin của các hộ gia đình đủ điều kiện cung cấp dịch vụ phục vụ khách lưu trú được đăng tải trên các phương tiện thông tin đại chúng, các nền tảng mạng xã hội để kết nối với khách có nhu cầu lưu trú. Các hộ gia đình này cũng đã được UBND các phường, xã, lực lượng công an hướng dẫn về công tác đảm bảo an ninh trật tự; công tác phòng cháy chữa cháy, đảm bảo du khách về nghỉ với các gia đình được an toàn, chu đáo. Ngoài ra, với những người có phương tiện đi lại chủ động có thể chọn lưu trú ở các nhà nghỉ, khách sạn ở những thị trấn của các huyện cửa ngõ vào TP Điện Biên Phủ như Mường Chà, Mường Ảng, Tuần Giáo… Những điểm này cách thành phố Điện Biên Phủ khoảng 40-50km. Ngoài ra, bà con còn có thể tìm đến những nhà ở cộng đồng trong dân rất nhiều. Khi lựa chọn phương án này thì vui vẻ chấp nhận điều kiện sinh hoạt có thể không được tiện nghi như ý. Ông Chì khuyến cáo bà con muốn về Điện Biên Phủ dịp lễ kỷ niệm 70 năm Chiến thắng Điện Biên Phủ nên chủ động liên hệ đặt phòng với những phương án trên trước khi đi.",01/05/2024 12:26 GMT+7,https://tuoitre.vn/nguoi-dan-co-nen-tu-phat-len-dien-bien-phu-nhung-ngay-toi-20240501114427152.htm,"Lãnh đạo Sở Văn hóa, Thể thao và Du lịch tỉnh Điện Biên cho biết hiện nay và những ngày tới, lượng khách đổ về Điện Biên Phủ rất đông, các phòng nghỉ, khách sạn đã kín chỗ, nhưng bà con vẫn có thể về với Điện Biên Phủ."
Thông tin bán 500.000 đồng 3 quả dứa cho du khách nước ngoài là sai sự thật,"Qua xác minh, bà này chỉ bán một quả dứa gọt sẵn với giá 50.000 đồng, nhưng du khách muốn lấy thêm 2 quả nên dẫn tới to tiếng. Liên quan vụ clip ""tố"" người bán hàng rong bán cho du khách nước ngoài 3 quả dứa với giá 500.000 đồng, ngày 1-5, đại diện Công an quận Hoàn Kiếm (Hà Nội) thông tin kết quả xác minh với Tuổi Trẻ Online.  Không có chuyện 3 quả dứa giá 500.000 đồng  Theo công an, khoảng 21h40 ngày 27-4, bà N.T.T. (sinh năm 1968, trú tại huyện Phúc Thọ, Hà Nội), bán hàng rong tại ngã tư Hàng Đường - Hàng Buồm. Lúc này, có hai nữ du khách nói đến hỏi mua dứa. Bà T. bán 1 quả dứa đã gọt sẵn cho vào túi ni lông cắt làm 4 và báo giá 50.000 đồng/túi. Hai nữ khách đưa tờ 500.000 đồng, bà T. trả lại 450.000 đồng. Tuy nhiên, hai vị khách nước ngoài sau khi cầm tiền thừa đã muốn lấy thêm 2 quả chưa gọt, nhưng bà T. không đồng ý.  Hai bên sau đó dẫn đến to tiếng. Một trong hai nữ du khách đã hất đồ đạc của bà T. xuống đất. Người dân nghe thấy tiếng cãi vã đã tập trung lại xem, đồng thời can ngăn, khuyên bà T. trả lại tiền cho khách.  Người phụ nữ này có phân trần là chỉ bán 50.000 đồng/túi dứa. Một số người cho rằng giá như vậy vẫn là đắt, nên yêu cầu bà T. trả lại tiền. Sau đó, bà T. lấy lại 450.000 đồng rồi trả lại tờ tiền 500.000 đồng cho 2 nữ du khách, không bán nữa. Hai người nước ngoài cầm tiền và bỏ đi về hướng phố Hàng Ngang. Mạng xã hội làm lố Tại buổi làm việc với công an, các nhân chứng cũng khẳng định bà T. chỉ bán 50.000 đồng/túi dứa. ""Như vậy, thông tin đăng tải bà T. bán 500.000 đồng/3 quả là không đúng"", theo đại diện Công an quận Hoàn Kiếm. Được biết, bà T. chưa có tiền án tiền sự và chưa từng vi phạm pháp luật. Công an quận Hoàn Kiếm cũng cho biết bà T. không chèo kéo khách du lịch để bán giá cao, nên không đủ căn cứ để xử phạt.  Song, việc bán hàng rong của người này đã vi phạm quy định nên Công an phường Hàng Đào đã lập biên bản xử phạt vi phạm hành chính. Trước đó, ngày 27-4, mạng xã hội có lan truyền clip với nội dung ""Bán 3 quả dứa với giá 500.000 đồng cho du khách người nước ngoài"".  Sau khi nắm được thông tin, Công an phường Hàng Đào đã phối hợp với Đội điều tra tổng hợp (Công an quận Hoàn Kiếm) để xác minh, làm rõ. Đến chiều 29-4, người bán hàng rong đã đến công an phường trình diện.",01/05/2024 12:21 GMT+7,https://tuoitre.vn/thong-tin-ban-500-000-dong-3-qua-dua-cho-du-khach-nuoc-ngoai-la-sai-su-that-20240501120852275.htm,Công an quận Hoàn Kiếm khẳng định thông tin hàng rong bán 3 quả dứa với giá 500.000 đồng là không chính xác.
"Du khách chết đuối tại khu du lịch trái phép, cơ quan chức năng vào cuộc","Ngày 1-5, ông Lê Ngọc Huân, phó chủ tịch UBND huyện Quảng Ninh (tỉnh Quảng Bình), cho biết vừa yêu cầu các cơ quan liên quan lên địa phận xã Trường Xuân để xác minh việc một du khách chết đuối tại khu du lịch suối Nước Lạnh. Ông Huân xác nhận khu du lịch chưa được cấp phép. ""Khu này do người dân địa phương xây tự phát. Chính quyền đã đến nhắc nhở, yêu cầu ngừng xây dựng"", ông Huân nói. Trước đó, vụ việc xảy ra ngày 30-4. Thời điểm trên, ông Lê T.Đ. (52 tuổi, trú xã An Ninh, huyện Quảng Ninh) lên khu vực này tắm suối và không may chết đuối. Khi tắm suối, ông Đ. không mặc áo phao. Khu du lịch này cũng không có cứu hộ. Theo tìm hiểu, khu du lịch này do một số hộ dân góp tiền đầu tư. Nhóm hộ dân này xây dựng nhiều chòi tre hai bên suối, có cổng vào và bên trong có một số khu nhà theo kiểu nhà truyền thống của người đồng bào Vân Kiều để đón khách. Dù đã hoạt động nhiều tháng nhưng khu này vẫn chưa được cơ quan chức năng cấp phép. UBND xã Trường Xuân cho biết khu du lịch trái phép này đã bị đình chỉ một lần. ""Chúng tôi đã yêu cầu kiểm lâm, phòng văn hóa, ban quản lý rừng, chính quyền xã trong hôm nay đến thực địa xác minh cụ thể, rồi sẽ có giải pháp xử lý"", ông Huân cho hay.",01/05/2024 09:04 GMT+7,https://tuoitre.vn/du-khach-chet-duoi-tai-khu-du-lich-trai-phep-co-quan-chuc-nang-vao-cuoc-2024050108462937.htm,"Một du khách đã chết đuối khi đến tắm tại khu du lịch suối Nước Lạnh (xã Trường Xuân, Quảng Ninh, Quảng Bình). Được biết khu này do dân địa phương xây dựng và chưa được cấp phép."
